step,token_position,logical_block,physical_block,offset,slot
1,0,0,1,0,128
1,1,0,1,1,129
1,2,0,1,2,130
1,3,0,1,3,131
1,4,0,1,4,132
1,5,0,1,5,133
1,6,0,1,6,134
1,7,0,1,7,135
1,8,0,1,8,136
1,9,0,1,9,137
1,10,0,1,10,138
1,11,0,1,11,139
1,12,0,1,12,140
1,13,0,1,13,141
1,14,0,1,14,142
1,15,0,1,15,143
1,16,0,1,16,144
1,17,0,1,17,145
1,18,0,1,18,146
1,19,0,1,19,147
1,20,0,1,20,148
1,21,0,1,21,149
1,22,0,1,22,150
1,23,0,1,23,151
1,24,0,1,24,152
1,25,0,1,25,153
1,26,0,1,26,154
1,27,0,1,27,155
1,28,0,1,28,156
1,29,0,1,29,157
1,30,0,1,30,158
1,31,0,1,31,159
1,32,0,1,32,160
1,33,0,1,33,161
1,34,0,1,34,162
1,35,0,1,35,163
1,36,0,1,36,164
1,37,0,1,37,165
1,38,0,1,38,166
1,39,0,1,39,167
1,40,0,1,40,168
1,41,0,1,41,169
1,42,0,1,42,170
1,43,0,1,43,171
1,44,0,1,44,172
1,45,0,1,45,173
1,46,0,1,46,174
1,47,0,1,47,175
1,48,0,1,48,176
1,49,0,1,49,177
1,50,0,1,50,178
1,51,0,1,51,179
1,52,0,1,52,180
1,53,0,1,53,181
1,54,0,1,54,182
1,55,0,1,55,183
1,56,0,1,56,184
1,57,0,1,57,185
1,58,0,1,58,186
1,59,0,1,59,187
1,60,0,1,60,188
1,61,0,1,61,189
1,62,0,1,62,190
1,63,0,1,63,191
1,64,0,1,64,192
1,65,0,1,65,193
1,66,0,1,66,194
1,67,0,1,67,195
1,68,0,1,68,196
1,69,0,1,69,197
1,70,0,1,70,198
1,71,0,1,71,199
1,72,0,1,72,200
1,73,0,1,73,201
1,74,0,1,74,202
1,75,0,1,75,203
1,76,0,1,76,204
1,77,0,1,77,205
1,78,0,1,78,206
1,79,0,1,79,207
1,80,0,1,80,208
1,81,0,1,81,209
1,82,0,1,82,210
1,83,0,1,83,211
1,84,0,1,84,212
1,85,0,1,85,213
1,86,0,1,86,214
1,87,0,1,87,215
1,88,0,1,88,216
1,89,0,1,89,217
1,90,0,1,90,218
1,91,0,1,91,219
1,92,0,1,92,220
1,93,0,1,93,221
1,94,0,1,94,222
1,95,0,1,95,223
1,96,0,1,96,224
1,97,0,1,97,225
1,98,0,1,98,226
1,99,0,1,99,227
1,100,0,1,100,228
1,101,0,1,101,229
1,102,0,1,102,230
1,103,0,1,103,231
1,104,0,1,104,232
1,105,0,1,105,233
1,106,0,1,106,234
1,107,0,1,107,235
1,108,0,1,108,236
1,109,0,1,109,237
1,110,0,1,110,238
1,111,0,1,111,239
1,112,0,1,112,240
1,113,0,1,113,241
1,114,0,1,114,242
1,115,0,1,115,243
1,116,0,1,116,244
1,117,0,1,117,245
1,118,0,1,118,246
1,119,0,1,119,247
1,120,0,1,120,248
1,121,0,1,121,249
1,122,0,1,122,250
1,123,0,1,123,251
1,124,0,1,124,252
1,125,0,1,125,253
2,126,0,1,126,254
3,127,0,1,127,255
4,128,1,2,0,256
5,129,1,2,1,257
6,130,1,2,2,258
7,131,1,2,3,259
8,132,1,2,4,260
