Step Id,Device_id,Model ID,Task ID,Stream ID,Name,Type,OP State,Accelerator Core,Start Time(us),Duration(us),Wait Time(us),Block Num,Mix Block Num,HF32 Eligible,Input Shapes,Input Data Types,Input Formats,Output Shapes,Output Data Types,Output Formats,Context ID,aicore_time(us),aic_total_cycles,aic_mac_time(us),aic_mac_ratio,aic_scalar_time(us),aic_scalar_ratio,aic_mte1_time(us),aic_mte1_ratio,aic_mte2_time(us),aic_mte2_ratio,aic_fixpipe_time(us),aic_fixpipe_ratio,aic_icache_miss_rate,aiv_time(us),aiv_total_cycles,aiv_vec_time(us),aiv_vec_ratio,aiv_scalar_time(us),aiv_scalar_ratio,aiv_mte2_time(us),aiv_mte2_ratio,aiv_mte3_time(us),aiv_mte3_ratio,aiv_icache_miss_rate,cube_utilization(%)
1,0,4294967295,274,46,aclnnInplaceFillScalar_FillAiCore_Fill,Fill,dynamic,AI_VECTOR_CORE,1790274065633453.083	,15.401,0,48,0,NO,"""2;""",INT64;FLOAT16,ND;ND,"""4096,4096""",FLOAT16,ND,N/A,0.0,0,0.0,0.0,0.0,0.0,0.0,0.0,0.0,0.0,0.0,0.0,0.0,13.139,1135249,1.695,0.129,0.574,0.044,0.115,0.009,8.84,0.673,0.065,0.000
1,0,4294967295,275,46,aclnnInplaceFillScalar_FillAiCore_Fill,Fill,dynamic,AI_VECTOR_CORE,1790274065633468.504	,13.500,0.099000,48,0,NO,"""2;""",INT64;FLOAT16,ND;ND,"""4096,4096""",FLOAT16,ND,N/A,0.0,0,0.0,0.0,0.0,0.0,0.0,0.0,0.0,0.0,0.0,0.0,0.0,10.783,931664,1.695,0.157,3.088,0.286,0.7,0.065,7.026,0.652,0.0,0.000
1,0,4294967295,112,44,aclnnMm_MatMulV3Common_MatMulV3,MatMulV3,dynamic,AI_CORE,1790274065633607.129	,753.670,125.250000,24,0,NO,"""4096,4096;4096,4096""",FLOAT16;FLOAT16,ND;ND,"""4096,4096""",FLOAT16,ND,N/A,700.31,30253411,394.871,0.564,172.119,0.246,326.834,0.467,661.047,0.944,105.909,0.151,0.0,0.0,0,0.0,0.0,0.0,0.0,0.0,0.0,0.0,0.0,0.0,92.920
1,0,4294967295,112,42,aclnnMuls_MulAiCore_Mul,Mul,dynamic,AI_VECTOR_CORE,1790274065633993.105	,601.224,0.000000,48,0,NO,"""67108864;""",FLOAT;FLOAT,ND;ND,"""67108864""",FLOAT,ND,N/A,0.0,0,0.0,0.0,0.0,0.0,0.0,0.0,0.0,0.0,0.0,0.0,0.0,569.847,49234763,15.512,0.027,8.749,0.015,565.47,0.992,124.827,0.219,0.004,0.000
1,0,4294967295,113,44,aclnnMm_MatMulV3Common_MatMulV3,MatMulV3,dynamic,AI_CORE,1790274065634360.819	,1812.733,0.000000,24,0,NO,"""4096,4096;4096,4096""",FLOAT16;FLOAT16,ND;ND,"""4096,4096""",FLOAT16,ND,N/A,1477.844,63842848,399.73,0.27,185.389,0.125,284.725,0.193,1469.387,0.994,210.163,0.142,0.0,0.0,0,0.0,0.0,0.0,0.0,0.0,0.0,0.0,0.0,0.0,81.526
1,0,4294967295,113,42,aclnnMuls_MulAiCore_Mul,Mul,dynamic,AI_VECTOR_CORE,1790274065634594.349	,563.522,0.000000,48,0,NO,"""67108864;""",FLOAT;FLOAT,ND;ND,"""67108864""",FLOAT,ND,N/A,0.0,0,0.0,0.0,0.0,0.0,0.0,0.0,0.0,0.0,0.0,0.0,0.0,545.127,47098948,15.512,0.028,10.126,0.019,541.828,0.994,75.587,0.139,0.0,0.000
1,0,4294967295,114,42,aclnnMuls_MulAiCore_Mul,Mul,dynamic,AI_VECTOR_CORE,1790274065635157.891	,561.783,0.228000,48,0,NO,"""67108864;""",FLOAT;FLOAT,ND;ND,"""67108864""",FLOAT,ND,N/A,0.0,0,0.0,0.0,0.0,0.0,0.0,0.0,0.0,0.0,0.0,0.0,0.0,538.692,46542959,15.512,0.029,10.497,0.019,535.023,0.993,76.251,0.142,0.0,0.000
1,0,4294967295,115,42,aclnnMuls_MulAiCore_Mul,Mul,dynamic,AI_VECTOR_CORE,1790274065635719.714	,542.741,0.000000,48,0,NO,"""67108864;""",FLOAT;FLOAT,ND;ND,"""67108864""",FLOAT,ND,N/A,0.0,0,0.0,0.0,0.0,0.0,0.0,0.0,0.0,0.0,0.0,0.0,0.0,415.997,35942148,15.512,0.037,10.505,0.025,412.215,0.991,125.089,0.301,0.0,0.000
1,0,4294967295,114,44,aclnnMm_MatMulV3Common_MatMulV3,MatMulV3,dynamic,AI_CORE,1790274065636173.572	,1271.491,0.000000,24,0,NO,"""4096,4096;4096,4096""",FLOAT16;FLOAT16,ND;ND,"""4096,4096""",FLOAT16,ND,N/A,1232.044,53224322,398.873,0.324,182.451,0.148,293.409,0.238,1216.487,0.987,164.962,0.134,0.0,0.0,0,0.0,0.0,0.0,0.0,0.0,0.0,0.0,0.0,0.0,96.898
1,0,4294967295,116,42,aclnnMuls_MulAiCore_Mul,Mul,dynamic,AI_VECTOR_CORE,1790274065636262.495	,547.982,0.000000,48,0,NO,"""67108864;""",FLOAT;FLOAT,ND;ND,"""67108864""",FLOAT,ND,N/A,0.0,0,0.0,0.0,0.0,0.0,0.0,0.0,0.0,0.0,0.0,0.0,0.0,530.17,45806703,15.512,0.029,10.141,0.019,526.857,0.994,77.351,0.146,0.0,0.000
1,0,4294967295,117,42,aclnnMuls_MulAiCore_Mul,Mul,dynamic,AI_VECTOR_CORE,1790274065636810.497	,560.143,0.018000,48,0,NO,"""67108864;""",FLOAT;FLOAT,ND;ND,"""67108864""",FLOAT,ND,N/A,0.0,0,0.0,0.0,0.0,0.0,0.0,0.0,0.0,0.0,0.0,0.0,0.0,545.374,47120320,15.512,0.028,10.413,0.019,541.788,0.993,72.477,0.133,0.0,0.000
1,0,4294967295,115,44,aclnnMm_MatMulV3Common_MatMulV3,MatMulV3,dynamic,AI_CORE,1790274065637445.083	,427.297,74.357000,24,0,NO,"""4096,4096;4096,4096""",FLOAT16;FLOAT16,ND;ND,"""4096,4096""",FLOAT16,ND,N/A,409.544,17692282,393.726,0.961,169.599,0.414,337.25,0.823,364.605,0.89,61.494,0.15,0.0,0.0,0,0.0,0.0,0.0,0.0,0.0,0.0,0.0,0.0,0.0,95.845
1,0,4294967295,116,44,aclnnMm_MatMulV3Common_MatMulV3,MatMulV3,dynamic,AI_CORE,1790274065637872.420	,425.417,0.203000,24,0,NO,"""4096,4096;4096,4096""",FLOAT16;FLOAT16,ND;ND,"""4096,4096""",FLOAT16,ND,N/A,408.593,17651211,393.678,0.963,168.729,0.413,337.488,0.826,363.275,0.889,61.307,0.15,0.0,0.0,0,0.0,0.0,0.0,0.0,0.0,0.0,0.0,0.0,0.0,96.045
1,0,4294967295,117,44,aclnnMm_MatMulV3Common_MatMulV3,MatMulV3,dynamic,AI_CORE,1790274065638297.857	,427.957,0.000000,24,0,NO,"""4096,4096;4096,4096""",FLOAT16;FLOAT16,ND;ND,"""4096,4096""",FLOAT16,ND,N/A,409.875,17706612,393.639,0.96,169.605,0.414,336.414,0.821,369.435,0.901,61.614,0.15,0.0,0.0,0,0.0,0.0,0.0,0.0,0.0,0.0,0.0,0.0,0.0,95.775
1,0,4294967295,57,43,aclnnMuls_MulAiCore_Mul,Mul,dynamic,AI_VECTOR_CORE,1790274065638726.414	,19.481,0.793000,48,0,NO,"""4096,4096;""",FLOAT16;FLOAT16,ND;ND,"""4096,4096""",FLOAT16,ND,N/A,0.0,0,0.0,0.0,0.0,0.0,0.0,0.0,0.0,0.0,0.0,0.0,0.0,16.826,1453801,1.947,0.116,1.919,0.114,9.905,0.589,11.323,0.673,0.022,0.000
1,0,4294967295,276,46,aclnnEqScalar_EqualAiCore_Equal,Equal,dynamic,AI_VECTOR_CORE,1790274065638860.759	,22.241,114.769000,48,0,NO,"""4096,4096;""",FLOAT16;FLOAT16,ND;ND,"""4096,4096""",BOOL,ND,N/A,0.0,0,0.0,0.0,0.0,0.0,0.0,0.0,0.0,0.0,0.0,0.0,0.0,20.331,1756600,7.135,0.351,3.501,0.172,10.605,0.522,7.767,0.382,0.013,0.000
1,0,4294967295,277,46,aclnnAll_ReduceAll_ReduceAll,ReduceAll,dynamic,MIX_AIV,1790274065638884.340	,32.462,1.259000,48,0,NO,"""4096,4096;2""",BOOL;INT64,ND;ND,"""""",BOOL,ND,0,0.0,0,0.0,0.0,0.0,0.0,0.0,0.0,0.0,0.0,0.0,0.0,0.0,29.48,2547089,9.234,0.313,1.576,0.053,7.355,0.249,0.13,0.004,0.037,0.000
1,0,4294967295,278,46,aclnnEqScalar_EqualAiCore_Equal,Equal,dynamic,AI_VECTOR_CORE,1790274065638973.704	,380.735,57.038000,48,0,NO,"""67108864;""",FLOAT;FLOAT,ND;ND,"""67108864""",BOOL,ND,N/A,0.0,0,0.0,0.0,0.0,0.0,0.0,0.0,0.0,0.0,0.0,0.0,0.0,376.672,32544425,43.615,0.116,16.009,0.043,352.253,0.935,125.55,0.333,0.002,0.000
1,0,4294967295,279,46,aclnnAll_ReduceAll_ReduceAll,ReduceAll,dynamic,MIX_AIV,1790274065639355.859	,57.942,1.265000,48,0,NO,"""67108864;1""",BOOL;INT64,ND;ND,"""""",BOOL,ND,0,0.0,0,0.0,0.0,0.0,0.0,0.0,0.0,0.0,0.0,0.0,0.0,0.0,56.892,4915448,36.222,0.637,6.284,0.11,29.846,0.525,0.137,0.002,0.0,0.000
1,0,4294967295,280,46,aclnnEqScalar_EqualAiCore_Equal,Equal,dynamic,AI_VECTOR_CORE,1790274065639458.123	,41.242,44.308000,48,0,NO,"""4096,4096;""",FLOAT16;FLOAT16,ND;ND,"""4096,4096""",BOOL,ND,N/A,0.0,0,0.0,0.0,0.0,0.0,0.0,0.0,0.0,0.0,0.0,0.0,0.0,38.826,3354534,7.134,0.184,4.804,0.124,32.628,0.84,9.052,0.233,0.0,0.000
1,0,4294967295,281,46,aclnnNeScalar_CastAiCore_Cast,Cast,dynamic,AI_VECTOR_CORE,1790274065639499.405	,38.421,0.258000,48,0,NO,"""4096,4096""",BOOL,ND,"""4096,4096""",INT64,ND,N/A,0.0,0,0.0,0.0,0.0,0.0,0.0,0.0,0.0,0.0,0.0,0.0,0.0,36.403,3145187,15.485,0.425,3.478,0.096,17.925,0.492,31.283,0.859,0.005,0.000
1,0,4294967295,282,46,aclnnNeScalar_NotEqualAiCore_NotEqual,NotEqual,dynamic,AI_VECTOR_CORE,1790274065639537.846	,167.987,0.000000,48,0,NO,"""4096,4096;""",INT64;INT64,ND;ND,"""4096,4096""",BOOL,ND,N/A,0.0,0,0.0,0.0,0.0,0.0,0.0,0.0,0.0,0.0,0.0,0.0,0.0,164.431,14206819,121.292,0.738,42.611,0.259,45.293,0.275,36.856,0.224,0.003,0.000
1,0,4294967295,283,46,aclnnReduceSum_CastAiCore_Cast,Cast,dynamic,AI_VECTOR_CORE,1790274065639705.853	,32.781,0.013000,48,0,NO,"""4096,4096""",BOOL,ND,"""4096,4096""",INT64,ND,N/A,0.0,0,0.0,0.0,0.0,0.0,0.0,0.0,0.0,0.0,0.0,0.0,0.0,30.705,2652897,15.479,0.504,4.127,0.134,16.578,0.54,29.149,0.949,0.0,0.000
1,0,4294967295,284,46,aclnnReduceSum_ReduceSumOpAiCore_ReduceSum,ReduceSum,dynamic,MIX_AIV,1790274065639739.955	,2564.382,1.469000,48,0,NO,"""4096,4096;2""",INT64;INT64,ND;ND,"""""",INT64,ND,0,0.0,0,0.0,0.0,0.0,0.0,0.0,0.0,0.0,0.0,0.0,0.0,0.0,2562.189,221373114,0.054,0.0,2528.105,0.987,24.092,0.009,0.171,0.0,0.0,0.000
1,0,4294967295,285,46,aclnnEqScalar_EqualAiCore_Equal,Equal,dynamic,AI_VECTOR_CORE,1790274065642349.959	,38.841,45.618000,48,0,NO,"""4096,4096;""",FLOAT16;FLOAT16,ND;ND,"""4096,4096""",BOOL,ND,N/A,0.0,0,0.0,0.0,0.0,0.0,0.0,0.0,0.0,0.0,0.0,0.0,0.0,29.368,2537380,7.134,0.243,4.776,0.163,22.71,0.773,8.198,0.279,0.0,0.000
1,0,4294967295,286,46,aclnnNeScalar_CastAiCore_Cast,Cast,dynamic,AI_VECTOR_CORE,1790274065642388.820	,35.002,0.000000,48,0,NO,"""4096,4096""",BOOL,ND,"""4096,4096""",INT64,ND,N/A,0.0,0,0.0,0.0,0.0,0.0,0.0,0.0,0.0,0.0,0.0,0.0,0.0,31.592,2729589,15.479,0.49,4.119,0.13,16.698,0.529,30.019,0.95,0.0,0.000
1,0,4294967295,287,46,aclnnNeScalar_NotEqualAiCore_NotEqual,NotEqual,dynamic,AI_VECTOR_CORE,1790274065642423.842	,160.546,0.000000,48,0,NO,"""4096,4096;""",INT64;INT64,ND;ND,"""4096,4096""",BOOL,ND,N/A,0.0,0,0.0,0.0,0.0,0.0,0.0,0.0,0.0,0.0,0.0,0.0,0.0,158.873,13726661,121.28,0.763,44.771,0.282,44.268,0.279,35.71,0.225,0.0,0.000
1,0,4294967295,288,46,aclnnReduceSum_CastAiCore_Cast,Cast,dynamic,AI_VECTOR_CORE,1790274065642584.408	,32.981,0.204000,48,0,NO,"""4096,4096""",BOOL,ND,"""4096,4096""",INT64,ND,N/A,0.0,0,0.0,0.0,0.0,0.0,0.0,0.0,0.0,0.0,0.0,0.0,0.0,30.83,2663696,15.479,0.502,4.181,0.136,16.657,0.54,29.165,0.946,0.0,0.000
1,0,4294967295,289,46,aclnnReduceSum_ReduceSumOpAiCore_ReduceSum,ReduceSum,dynamic,MIX_AIV,1790274065642618.270	,2556.502,0.769000,48,0,NO,"""4096,4096;2""",INT64;INT64,ND;ND,"""""",INT64,ND,0,0.0,0,0.0,0.0,0.0,0.0,0.0,0.0,0.0,0.0,0.0,0.0,0.0,2554.894,220742875,0.054,0.0,2530.081,0.99,22.699,0.009,0.352,0.0,0.0,0.000
1,0,4294967295,290,46,aclnnInplaceFillScalar_FillAiCore_Fill,Fill,dynamic,AI_VECTOR_CORE,1790274065645389.880	,15.401,215.248000,48,0,NO,"""2;""",INT64;FLOAT16,ND;ND,"""4096,4096""",FLOAT16,ND,N/A,0.0,0,0.0,0.0,0.0,0.0,0.0,0.0,0.0,0.0,0.0,0.0,0.0,13.173,1138148,1.695,0.129,0.56,0.043,0.111,0.008,8.821,0.67,0.063,0.000
1,0,4294967295,291,46,aclnnInplaceFillScalar_FillAiCore_Fill,Fill,dynamic,AI_VECTOR_CORE,1790274065645405.301	,19.781,0.000000,48,0,NO,"""2;""",INT64;FLOAT16,ND;ND,"""4096,4096""",FLOAT16,ND,N/A,0.0,0,0.0,0.0,0.0,0.0,0.0,0.0,0.0,0.0,0.0,0.0,0.0,17.456,1508188,1.695,0.097,2.556,0.146,1.389,0.08,13.542,0.776,0.0,0.000
1,0,4294967295,119,44,aclnnMm_MatMulV3Common_MatMulV3,MatMulV3,dynamic,AI_CORE,1790274065645511.905	,1103.624,86.969000,24,0,NO,"""4096,4096;4096,4096""",FLOAT16;FLOAT16,ND;ND,"""4096,4096""",FLOAT16,ND,N/A,1005.339,43430654,396.746,0.395,178.391,0.177,309.524,0.308,978.55,0.973,141.933,0.141,0.0,0.0,0,0.0,0.0,0.0,0.0,0.0,0.0,0.0,0.0,0.0,91.094
1,0,4294967295,59,43,aclnnMuls_MulAiCore_Mul,Mul,dynamic,AI_VECTOR_CORE,1790274065645721.454	,27.721,0.000000,48,0,NO,"""4096,4096;""",FLOAT16;FLOAT16,ND;ND,"""4096,4096""",FLOAT16,ND,N/A,0.0,0,0.0,0.0,0.0,0.0,0.0,0.0,0.0,0.0,0.0,0.0,0.0,25.189,2176322,1.947,0.077,2.201,0.087,21.941,0.871,9.602,0.381,0.024,0.000
1,0,4294967295,119,42,aclnnMuls_MulAiCore_Mul,Mul,dynamic,AI_VECTOR_CORE,1790274065645793.797	,604.324,44.529000,48,0,NO,"""67108864;""",FLOAT;FLOAT,ND;ND,"""67108864""",FLOAT,ND,N/A,0.0,0,0.0,0.0,0.0,0.0,0.0,0.0,0.0,0.0,0.0,0.0,0.0,590.375,51008396,15.512,0.026,9.208,0.016,586.039,0.993,115.079,0.195,0.004,0.000
1,0,4294967295,120,42,aclnnMuls_MulAiCore_Mul,Mul,dynamic,AI_VECTOR_CORE,1790274065646398.141	,554.462,0.176000,48,0,NO,"""67108864;""",FLOAT;FLOAT,ND;ND,"""67108864""",FLOAT,ND,N/A,0.0,0,0.0,0.0,0.0,0.0,0.0,0.0,0.0,0.0,0.0,0.0,0.0,503.506,43502904,15.512,0.031,10.088,0.02,500.253,0.994,96.123,0.191,0.0,0.000
1,0,4294967295,120,44,aclnnMm_MatMulV3Common_MatMulV3,MatMulV3,dynamic,AI_CORE,1790274065646615.549	,1570.303,0.000000,24,0,NO,"""4096,4096;4096,4096""",FLOAT16;FLOAT16,ND;ND,"""4096,4096""",FLOAT16,ND,N/A,1424.27,61528469,399.717,0.281,185.675,0.13,285.007,0.2,1415.067,0.994,194.411,0.136,0.0,0.0,0,0.0,0.0,0.0,0.0,0.0,0.0,0.0,0.0,0.0,90.700
1,0,4294967295,121,42,aclnnMuls_MulAiCore_Mul,Mul,dynamic,AI_VECTOR_CORE,1790274065646952.623	,552.502,0.000000,48,0,NO,"""67108864;""",FLOAT;FLOAT,ND;ND,"""67108864""",FLOAT,ND,N/A,0.0,0,0.0,0.0,0.0,0.0,0.0,0.0,0.0,0.0,0.0,0.0,0.0,534.455,46176942,15.512,0.029,10.049,0.019,531.239,0.994,77.589,0.145,0.0,0.000
1,0,4294967295,122,42,aclnnMuls_MulAiCore_Mul,Mul,dynamic,AI_VECTOR_CORE,1790274065647505.145	,559.022,0.248000,48,0,NO,"""67108864;""",FLOAT;FLOAT,ND;ND,"""67108864""",FLOAT,ND,N/A,0.0,0,0.0,0.0,0.0,0.0,0.0,0.0,0.0,0.0,0.0,0.0,0.0,530.422,45828429,15.512,0.029,10.451,0.02,526.792,0.993,74.629,0.141,0.0,0.000
1,0,4294967295,123,42,aclnnMuls_MulAiCore_Mul,Mul,dynamic,AI_VECTOR_CORE,1790274065648064.207	,550.602,0.000000,48,0,NO,"""67108864;""",FLOAT;FLOAT,ND;ND,"""67108864""",FLOAT,ND,N/A,0.0,0,0.0,0.0,0.0,0.0,0.0,0.0,0.0,0.0,0.0,0.0,0.0,511.957,44233075,15.512,0.03,10.457,0.02,508.324,0.993,98.359,0.192,0.0,0.000
1,0,4294967295,121,44,aclnnMm_MatMulV3Common_MatMulV3,MatMulV3,dynamic,AI_CORE,1790274065648185.872	,1140.986,0.000000,24,0,NO,"""4096,4096;4096,4096""",FLOAT16;FLOAT16,ND;ND,"""4096,4096""",FLOAT16,ND,N/A,1115.147,48174354,397.911,0.357,180.654,0.162,301.718,0.271,1094.987,0.982,149.176,0.134,0.0,0.0,0,0.0,0.0,0.0,0.0,0.0,0.0,0.0,0.0,0.0,97.735
1,0,4294967295,124,42,aclnnMuls_MulAiCore_Mul,Mul,dynamic,AI_VECTOR_CORE,1790274065648614.829	,565.703,0.000000,48,0,NO,"""67108864;""",FLOAT;FLOAT,ND;ND,"""67108864""",FLOAT,ND,N/A,0.0,0,0.0,0.0,0.0,0.0,0.0,0.0,0.0,0.0,0.0,0.0,0.0,548.678,47405737,15.512,0.028,10.058,0.018,545.448,0.994,74.309,0.135,0.0,0.000
1,0,4294967295,122,44,aclnnMm_MatMulV3Common_MatMulV3,MatMulV3,dynamic,AI_CORE,1790274065649326.878	,428.057,146.547000,24,0,NO,"""4096,4096;4096,4096""",FLOAT16;FLOAT16,ND;ND,"""4096,4096""",FLOAT16,ND,N/A,409.917,17708400,393.684,0.96,169.639,0.414,336.943,0.822,366.987,0.895,61.444,0.15,0.0,0.0,0,0.0,0.0,0.0,0.0,0.0,0.0,0.0,0.0,0.0,95.762
1,0,4294967295,123,44,aclnnMm_MatMulV3Common_MatMulV3,MatMulV3,dynamic,AI_CORE,1790274065649754.955	,425.937,0.000000,24,0,NO,"""4096,4096;4096,4096""",FLOAT16;FLOAT16,ND;ND,"""4096,4096""",FLOAT16,ND,N/A,408.879,17663582,393.644,0.963,169.254,0.414,337.442,0.825,363.09,0.888,61.338,0.15,0.0,0.0,0,0.0,0.0,0.0,0.0,0.0,0.0,0.0,0.0,0.0,95.995
1,0,4294967295,124,44,aclnnMm_MatMulV3Common_MatMulV3,MatMulV3,dynamic,AI_CORE,1790274065650180.912	,425.377,0.063000,24,0,NO,"""4096,4096;4096,4096""",FLOAT16;FLOAT16,ND;ND,"""4096,4096""",FLOAT16,ND,N/A,409.0,17668782,393.749,0.963,168.834,0.413,337.166,0.824,363.929,0.89,61.625,0.151,0.0,0.0,0,0.0,0.0,0.0,0.0,0.0,0.0,0.0,0.0,0.0,96.150
1,0,4294967295,292,46,aclnnEqScalar_EqualAiCore_Equal,Equal,dynamic,AI_VECTOR_CORE,1790274065650718.573	,22.121,112.123000,48,0,NO,"""4096,4096;""",FLOAT16;FLOAT16,ND;ND,"""4096,4096""",BOOL,ND,N/A,0.0,0,0.0,0.0,0.0,0.0,0.0,0.0,0.0,0.0,0.0,0.0,0.0,20.464,1768110,7.135,0.349,3.017,0.147,10.718,0.524,7.861,0.384,0.013,0.000
1,0,4294967295,293,46,aclnnAll_ReduceAll_ReduceAll,ReduceAll,dynamic,MIX_AIV,1790274065650741.914	,29.801,1.379000,48,0,NO,"""4096,4096;2""",BOOL;INT64,ND;ND,"""""",BOOL,ND,0,0.0,0,0.0,0.0,0.0,0.0,0.0,0.0,0.0,0.0,0.0,0.0,0.0,26.99,2331970,9.228,0.342,1.847,0.068,7.149,0.265,0.238,0.009,0.039,0.000
1,0,4294967295,294,46,aclnnEqScalar_EqualAiCore_Equal,Equal,dynamic,AI_VECTOR_CORE,1790274065650822.918	,374.335,51.199000,48,0,NO,"""67108864;""",FLOAT;FLOAT,ND;ND,"""67108864""",BOOL,ND,N/A,0.0,0,0.0,0.0,0.0,0.0,0.0,0.0,0.0,0.0,0.0,0.0,0.0,370.144,31980478,43.615,0.118,18.856,0.051,341.748,0.923,110.089,0.297,0.002,0.000
1,0,4294967295,295,46,aclnnAll_ReduceAll_ReduceAll,ReduceAll,dynamic,MIX_AIV,1790274065651198.253	,56.342,0.915000,48,0,NO,"""67108864;1""",BOOL;INT64,ND;ND,"""""",BOOL,ND,0,0.0,0,0.0,0.0,0.0,0.0,0.0,0.0,0.0,0.0,0.0,0.0,0.0,55.307,4778539,36.222,0.655,6.382,0.115,29.449,0.532,0.184,0.003,0.0,0.000
1,0,4294967295,296,46,aclnnEqScalar_EqualAiCore_Equal,Equal,dynamic,AI_VECTOR_CORE,1790274065651292.576	,41.322,37.908000,48,0,NO,"""4096,4096;""",FLOAT16;FLOAT16,ND;ND,"""4096,4096""",BOOL,ND,N/A,0.0,0,0.0,0.0,0.0,0.0,0.0,0.0,0.0,0.0,0.0,0.0,0.0,38.447,3321841,7.134,0.186,4.518,0.118,32.542,0.846,9.313,0.242,0.0,0.000
1,0,4294967295,297,46,aclnnNeScalar_CastAiCore_Cast,Cast,dynamic,AI_VECTOR_CORE,1790274065651333.918	,38.522,0.178000,48,0,NO,"""4096,4096""",BOOL,ND,"""4096,4096""",INT64,ND,N/A,0.0,0,0.0,0.0,0.0,0.0,0.0,0.0,0.0,0.0,0.0,0.0,0.0,36.442,3148588,15.485,0.425,3.47,0.095,17.936,0.492,31.309,0.859,0.005,0.000
1,0,4294967295,298,46,aclnnNeScalar_NotEqualAiCore_NotEqual,NotEqual,dynamic,AI_VECTOR_CORE,1790274065651372.460	,168.266,0.000000,48,0,NO,"""4096,4096;""",INT64;INT64,ND;ND,"""4096,4096""",BOOL,ND,N/A,0.0,0,0.0,0.0,0.0,0.0,0.0,0.0,0.0,0.0,0.0,0.0,0.0,164.706,14230628,121.293,0.736,42.584,0.259,45.182,0.274,36.953,0.224,0.003,0.000
1,0,4294967295,299,46,aclnnReduceSum_CastAiCore_Cast,Cast,dynamic,AI_VECTOR_CORE,1790274065651540.746	,32.762,0.000000,48,0,NO,"""4096,4096""",BOOL,ND,"""4096,4096""",INT64,ND,N/A,0.0,0,0.0,0.0,0.0,0.0,0.0,0.0,0.0,0.0,0.0,0.0,0.0,30.602,2643997,15.479,0.506,4.034,0.132,16.54,0.54,29.174,0.953,0.0,0.000
1,0,4294967295,300,46,aclnnReduceSum_ReduceSumOpAiCore_ReduceSum,ReduceSum,dynamic,MIX_AIV,1790274065651574.688	,2564.262,1.238000,48,0,NO,"""4096,4096;2""",INT64;INT64,ND;ND,"""""",INT64,ND,0,0.0,0,0.0,0.0,0.0,0.0,0.0,0.0,0.0,0.0,0.0,0.0,0.0,2562.266,221379746,0.054,0.0,2528.131,0.987,24.085,0.009,0.194,0.0,0.0,0.000
1,0,4294967295,301,46,aclnnEqScalar_EqualAiCore_Equal,Equal,dynamic,AI_VECTOR_CORE,1790274065654181.792	,38.501,42.738000,48,0,NO,"""4096,4096;""",FLOAT16;FLOAT16,ND;ND,"""4096,4096""",BOOL,ND,N/A,0.0,0,0.0,0.0,0.0,0.0,0.0,0.0,0.0,0.0,0.0,0.0,0.0,28.62,2472804,7.134,0.249,4.522,0.158,22.242,0.777,8.328,0.291,0.0,0.000
1,0,4294967295,302,46,aclnnNeScalar_CastAiCore_Cast,Cast,dynamic,AI_VECTOR_CORE,1790274065654220.313	,35.362,0.000000,48,0,NO,"""4096,4096""",BOOL,ND,"""4096,4096""",INT64,ND,N/A,0.0,0,0.0,0.0,0.0,0.0,0.0,0.0,0.0,0.0,0.0,0.0,0.0,31.512,2722656,15.479,0.491,4.029,0.128,16.669,0.529,30.046,0.953,0.0,0.000
1,0,4294967295,303,46,aclnnNeScalar_NotEqualAiCore_NotEqual,NotEqual,dynamic,AI_VECTOR_CORE,1790274065654255.695	,160.126,0.138000,48,0,NO,"""4096,4096;""",INT64;INT64,ND;ND,"""4096,4096""",BOOL,ND,N/A,0.0,0,0.0,0.0,0.0,0.0,0.0,0.0,0.0,0.0,0.0,0.0,0.0,157.849,13638144,121.28,0.768,44.593,0.283,43.46,0.275,35.629,0.226,0.0,0.000
1,0,4294967295,304,46,aclnnReduceSum_CastAiCore_Cast,Cast,dynamic,AI_VECTOR_CORE,1790274065654415.861	,33.162,0.000000,48,0,NO,"""4096,4096""",BOOL,ND,"""4096,4096""",INT64,ND,N/A,0.0,0,0.0,0.0,0.0,0.0,0.0,0.0,0.0,0.0,0.0,0.0,0.0,31.033,2681237,15.479,0.499,4.284,0.138,16.674,0.537,29.21,0.941,0.0,0.000
1,0,4294967295,305,46,aclnnReduceSum_ReduceSumOpAiCore_ReduceSum,ReduceSum,dynamic,MIX_AIV,1790274065654450.483	,2556.582,1.588000,48,0,NO,"""4096,4096;2""",INT64;INT64,ND;ND,"""""",INT64,ND,0,0.0,0,0.0,0.0,0.0,0.0,0.0,0.0,0.0,0.0,0.0,0.0,0.0,2554.966,220749097,0.054,0.0,2530.153,0.99,22.773,0.009,0.36,0.0,0.0,0.000
1,0,4294967295,61,43,aclnnMuls_MulAiCore_Mul,Mul,dynamic,AI_VECTOR_CORE,1790274065657123.509	,56.543,116.418000,48,0,NO,"""4096,4096;""",FLOAT16;FLOAT16,ND;ND,"""4096,4096""",FLOAT16,ND,N/A,0.0,0,0.0,0.0,0.0,0.0,0.0,0.0,0.0,0.0,0.0,0.0,0.0,54.162,4679586,1.947,0.036,1.917,0.035,49.763,0.919,28.325,0.523,0.021,0.000
1,0,4294967295,306,46,aclnnEqScalar_EqualAiCore_Equal,Equal,dynamic,AI_VECTOR_CORE,1790274065657222.933	,24.961,42.957000,48,0,NO,"""4096,4096;""",FLOAT16;FLOAT16,ND;ND,"""4096,4096""",BOOL,ND,N/A,0.0,0,0.0,0.0,0.0,0.0,0.0,0.0,0.0,0.0,0.0,0.0,0.0,22.564,1949534,7.135,0.316,2.94,0.13,11.307,0.501,11.877,0.526,0.013,0.000
1,0,4294967295,307,46,aclnnAll_ReduceAll_ReduceAll,ReduceAll,dynamic,MIX_AIV,1790274065657249.075	,29.801,1.039000,48,0,NO,"""4096,4096;2""",BOOL;INT64,ND;ND,"""""",BOOL,ND,0,0.0,0,0.0,0.0,0.0,0.0,0.0,0.0,0.0,0.0,0.0,0.0,0.0,26.914,2325338,9.228,0.343,1.917,0.071,7.302,0.271,0.31,0.012,0.038,0.000
1,0,4294967295,308,46,aclnnInplaceFillScalar_FillAiCore_Fill,Fill,dynamic,AI_VECTOR_CORE,1790274065657360.479	,15.421,81.699000,48,0,NO,"""2;""",INT64;FLOAT16,ND;ND,"""4096,4096""",FLOAT16,ND,N/A,0.0,0,0.0,0.0,0.0,0.0,0.0,0.0,0.0,0.0,0.0,0.0,0.0,13.052,1127727,1.695,0.13,0.601,0.046,0.128,0.01,8.618,0.66,0.063,0.000
1,0,4294967295,309,46,aclnnInplaceFillScalar_FillAiCore_Fill,Fill,dynamic,AI_VECTOR_CORE,1790274065657375.920	,14.020,0.079000,48,0,NO,"""2;""",INT64;FLOAT16,ND;ND,"""4096,4096""",FLOAT16,ND,N/A,0.0,0,0.0,0.0,0.0,0.0,0.0,0.0,0.0,0.0,0.0,0.0,0.0,12.494,1079476,1.695,0.136,3.303,0.264,1.793,0.144,7.428,0.595,0.0,0.000
1,0,4294967295,126,44,aclnnMm_MatMulV3Common_MatMulV3,MatMulV3,dynamic,AI_CORE,1790274065657467.303	,1317.533,77.230000,24,0,NO,"""4096,4096;4096,4096""",FLOAT16;FLOAT16,ND;ND,"""4096,4096""",FLOAT16,ND,N/A,1033.16,44632503,396.835,0.384,178.34,0.173,308.867,0.299,1006.691,0.974,146.067,0.141,0.0,0.0,0,0.0,0.0,0.0,0.0,0.0,0.0,0.0,0.0,0.0,78.416
1,0,4294967295,63,43,aclnnMuls_MulAiCore_Mul,Mul,dynamic,AI_VECTOR_CORE,1790274065657676.372	,26.301,0.000000,48,0,NO,"""4096,4096;""",FLOAT16;FLOAT16,ND;ND,"""4096,4096""",FLOAT16,ND,N/A,0.0,0,0.0,0.0,0.0,0.0,0.0,0.0,0.0,0.0,0.0,0.0,0.0,23.63,2041668,1.947,0.082,2.119,0.09,20.658,0.874,8.967,0.379,0.023,0.000
1,0,4294967295,126,42,aclnnMuls_MulAiCore_Mul,Mul,dynamic,AI_VECTOR_CORE,1790274065657747.514	,600.924,44.949000,48,0,NO,"""67108864;""",FLOAT;FLOAT,ND;ND,"""67108864""",FLOAT,ND,N/A,0.0,0,0.0,0.0,0.0,0.0,0.0,0.0,0.0,0.0,0.0,0.0,0.0,589.585,50940133,15.512,0.026,9.141,0.016,585.403,0.993,112.765,0.191,0.004,0.000
1,0,4294967295,127,42,aclnnMuls_MulAiCore_Mul,Mul,dynamic,AI_VECTOR_CORE,1790274065658348.458	,559.943,0.076000,48,0,NO,"""67108864;""",FLOAT;FLOAT,ND;ND,"""67108864""",FLOAT,ND,N/A,0.0,0,0.0,0.0,0.0,0.0,0.0,0.0,0.0,0.0,0.0,0.0,0.0,438.795,37911886,15.512,0.035,10.405,0.024,435.114,0.992,130.734,0.298,0.0,0.000
1,0,4294967295,127,44,aclnnMm_MatMulV3Common_MatMulV3,MatMulV3,dynamic,AI_CORE,1790274065658784.856	,1576.363,0.000000,24,0,NO,"""4096,4096;4096,4096""",FLOAT16;FLOAT16,ND;ND,"""4096,4096""",FLOAT16,ND,N/A,1290.322,55741914,398.844,0.309,182.684,0.142,291.882,0.226,1276.282,0.989,174.42,0.135,0.0,0.0,0,0.0,0.0,0.0,0.0,0.0,0.0,0.0,0.0,0.0,81.854
1,0,4294967295,128,42,aclnnMuls_MulAiCore_Mul,Mul,dynamic,AI_VECTOR_CORE,1790274065658908.421	,544.882,0.000000,48,0,NO,"""67108864;""",FLOAT;FLOAT,ND;ND,"""67108864""",FLOAT,ND,N/A,0.0,0,0.0,0.0,0.0,0.0,0.0,0.0,0.0,0.0,0.0,0.0,0.0,531.362,45909683,15.512,0.029,10.046,0.019,528.159,0.994,80.701,0.152,0.0,0.000
1,0,4294967295,129,42,aclnnMuls_MulAiCore_Mul,Mul,dynamic,AI_VECTOR_CORE,1790274065659453.323	,563.262,0.000000,48,0,NO,"""67108864;""",FLOAT;FLOAT,ND;ND,"""67108864""",FLOAT,ND,N/A,0.0,0,0.0,0.0,0.0,0.0,0.0,0.0,0.0,0.0,0.0,0.0,0.0,543.068,46921075,15.512,0.029,10.105,0.019,539.799,0.994,73.872,0.136,0.0,0.000
1,0,4294967295,130,42,aclnnMuls_MulAiCore_Mul,Mul,dynamic,AI_VECTOR_CORE,1790274065660016.605	,540.042,0.000000,48,0,NO,"""67108864;""",FLOAT;FLOAT,ND;ND,"""67108864""",FLOAT,ND,N/A,0.0,0,0.0,0.0,0.0,0.0,0.0,0.0,0.0,0.0,0.0,0.0,0.0,454.031,39228279,15.512,0.034,10.438,0.023,450.358,0.992,145.146,0.32,0.0,0.000
1,0,4294967295,128,44,aclnnMm_MatMulV3Common_MatMulV3,MatMulV3,dynamic,AI_CORE,1790274065660361.239	,927.397,0.000000,24,0,NO,"""4096,4096;4096,4096""",FLOAT16;FLOAT16,ND;ND,"""4096,4096""",FLOAT16,ND,N/A,893.397,38594761,396.672,0.444,177.796,0.199,311.61,0.349,865.523,0.969,120.74,0.135,0.0,0.0,0,0.0,0.0,0.0,0.0,0.0,0.0,0.0,0.0,0.0,96.334
1,0,4294967295,131,42,aclnnMuls_MulAiCore_Mul,Mul,dynamic,AI_VECTOR_CORE,1790274065660556.667	,555.462,0.000000,48,0,NO,"""67108864;""",FLOAT;FLOAT,ND;ND,"""67108864""",FLOAT,ND,N/A,0.0,0,0.0,0.0,0.0,0.0,0.0,0.0,0.0,0.0,0.0,0.0,0.0,536.75,46375185,15.512,0.029,10.745,0.02,532.837,0.993,79.812,0.149,0.0,0.000
1,0,4294967295,129,44,aclnnMm_MatMulV3Common_MatMulV3,MatMulV3,dynamic,AI_CORE,1790274065661288.656	,426.157,176.538000,24,0,NO,"""4096,4096;4096,4096""",FLOAT16;FLOAT16,ND;ND,"""4096,4096""",FLOAT16,ND,N/A,409.311,17682236,393.614,0.962,169.327,0.414,336.671,0.823,367.3,0.897,61.453,0.15,0.0,0.0,0,0.0,0.0,0.0,0.0,0.0,0.0,0.0,0.0,0.0,96.047
1,0,4294967295,130,44,aclnnMm_MatMulV3Common_MatMulV3,MatMulV3,dynamic,AI_CORE,1790274065661714.833	,426.357,0.000000,24,0,NO,"""4096,4096;4096,4096""",FLOAT16;FLOAT16,ND;ND,"""4096,4096""",FLOAT16,ND,N/A,409.377,17685070,393.74,0.962,169.305,0.414,337.5,0.824,362.127,0.885,61.465,0.15,0.0,0.0,0,0.0,0.0,0.0,0.0,0.0,0.0,0.0,0.0,0.0,96.017
1,0,4294967295,131,44,aclnnMm_MatMulV3Common_MatMulV3,MatMulV3,dynamic,AI_CORE,1790274065662141.210	,427.497,0.143000,24,0,NO,"""4096,4096;4096,4096""",FLOAT16;FLOAT16,ND;ND,"""4096,4096""",FLOAT16,ND,N/A,409.327,17682916,393.713,0.962,169.575,0.414,337.188,0.824,365.395,0.893,61.515,0.15,0.0,0.0,0,0.0,0.0,0.0,0.0,0.0,0.0,0.0,0.0,0.0,95.750
1,0,4294967295,310,46,aclnnEqScalar_EqualAiCore_Equal,Equal,dynamic,AI_VECTOR_CORE,1790274065662680.412	,22.001,111.753000,48,0,NO,"""4096,4096;""",FLOAT16;FLOAT16,ND;ND,"""4096,4096""",BOOL,ND,N/A,0.0,0,0.0,0.0,0.0,0.0,0.0,0.0,0.0,0.0,0.0,0.0,0.0,20.255,1750013,7.135,0.352,2.957,0.146,10.516,0.519,7.796,0.385,0.013,0.000
1,0,4294967295,311,46,aclnnAll_ReduceAll_ReduceAll,ReduceAll,dynamic,MIX_AIV,1790274065662703.773	,32.381,1.249000,48,0,NO,"""4096,4096;2""",BOOL;INT64,ND;ND,"""""",BOOL,ND,0,0.0,0,0.0,0.0,0.0,0.0,0.0,0.0,0.0,0.0,0.0,0.0,0.0,29.445,2544014,9.234,0.314,1.58,0.054,7.221,0.245,0.13,0.004,0.037,0.000
1,0,4294967295,312,46,aclnnEqScalar_EqualAiCore_Equal,Equal,dynamic,AI_VECTOR_CORE,1790274065662783.456	,368.675,47.369000,48,0,NO,"""67108864;""",FLOAT;FLOAT,ND;ND,"""67108864""",BOOL,ND,N/A,0.0,0,0.0,0.0,0.0,0.0,0.0,0.0,0.0,0.0,0.0,0.0,0.0,363.733,31426520,43.615,0.12,16.069,0.044,339.293,0.933,110.528,0.304,0.002,0.000
1,0,4294967295,313,46,aclnnAll_ReduceAll_ReduceAll,ReduceAll,dynamic,MIX_AIV,1790274065663153.511	,56.782,1.325000,48,0,NO,"""67108864;1""",BOOL;INT64,ND;ND,"""""",BOOL,ND,0,0.0,0,0.0,0.0,0.0,0.0,0.0,0.0,0.0,0.0,0.0,0.0,0.0,55.724,4814579,36.222,0.65,6.336,0.114,28.967,0.52,0.139,0.002,0.0,0.000
1,0,4294967295,314,46,aclnnEqScalar_EqualAiCore_Equal,Equal,dynamic,AI_VECTOR_CORE,1790274065663250.134	,40.302,39.968000,48,0,NO,"""4096,4096;""",FLOAT16;FLOAT16,ND;ND,"""4096,4096""",BOOL,ND,N/A,0.0,0,0.0,0.0,0.0,0.0,0.0,0.0,0.0,0.0,0.0,0.0,0.0,37.907,3275184,7.134,0.188,4.423,0.117,32.093,0.847,9.085,0.24,0.0,0.000
1,0,4294967295,315,46,aclnnNeScalar_CastAiCore_Cast,Cast,dynamic,AI_VECTOR_CORE,1790274065663290.456	,38.622,0.000000,48,0,NO,"""4096,4096""",BOOL,ND,"""4096,4096""",INT64,ND,N/A,0.0,0,0.0,0.0,0.0,0.0,0.0,0.0,0.0,0.0,0.0,0.0,0.0,36.473,3151246,15.485,0.425,3.476,0.095,17.983,0.493,31.295,0.858,0.005,0.000
1,0,4294967295,316,46,aclnnNeScalar_NotEqualAiCore_NotEqual,NotEqual,dynamic,AI_VECTOR_CORE,1790274065663329.098	,168.086,0.000000,48,0,NO,"""4096,4096;""",INT64;INT64,ND;ND,"""4096,4096""",BOOL,ND,N/A,0.0,0,0.0,0.0,0.0,0.0,0.0,0.0,0.0,0.0,0.0,0.0,0.0,164.569,14218796,121.292,0.737,42.617,0.259,45.54,0.277,36.956,0.225,0.003,0.000
1,0,4294967295,317,46,aclnnReduceSum_CastAiCore_Cast,Cast,dynamic,AI_VECTOR_CORE,1790274065663497.204	,33.062,0.164000,48,0,NO,"""4096,4096""",BOOL,ND,"""4096,4096""",INT64,ND,N/A,0.0,0,0.0,0.0,0.0,0.0,0.0,0.0,0.0,0.0,0.0,0.0,0.0,30.869,2667098,15.479,0.501,4.256,0.138,16.635,0.539,29.171,0.945,0.0,0.000
1,0,4294967295,318,46,aclnnReduceSum_ReduceSumOpAiCore_ReduceSum,ReduceSum,dynamic,MIX_AIV,1790274065663531.306	,2564.042,0.938000,48,0,NO,"""4096,4096;2""",INT64;INT64,ND;ND,"""""",INT64,ND,0,0.0,0,0.0,0.0,0.0,0.0,0.0,0.0,0.0,0.0,0.0,0.0,0.0,2561.929,221350635,0.054,0.0,2528.085,0.987,24.051,0.009,0.148,0.0,0.0,0.000
1,0,4294967295,319,46,aclnnEqScalar_EqualAiCore_Equal,Equal,dynamic,AI_VECTOR_CORE,1790274065666139.130	,38.981,43.958000,48,0,NO,"""4096,4096;""",FLOAT16;FLOAT16,ND;ND,"""4096,4096""",BOOL,ND,N/A,0.0,0,0.0,0.0,0.0,0.0,0.0,0.0,0.0,0.0,0.0,0.0,0.0,28.77,2485742,7.134,0.248,4.423,0.154,22.455,0.78,8.47,0.294,0.0,0.000
1,0,4294967295,320,46,aclnnNeScalar_CastAiCore_Cast,Cast,dynamic,AI_VECTOR_CORE,1790274065666178.131	,35.282,0.019000,48,0,NO,"""4096,4096""",BOOL,ND,"""4096,4096""",INT64,ND,N/A,0.0,0,0.0,0.0,0.0,0.0,0.0,0.0,0.0,0.0,0.0,0.0,0.0,31.715,2740192,15.479,0.488,4.174,0.132,16.701,0.527,30.118,0.95,0.0,0.000
1,0,4294967295,321,46,aclnnNeScalar_NotEqualAiCore_NotEqual,NotEqual,dynamic,AI_VECTOR_CORE,1790274065666213.433	,160.786,0.000000,48,0,NO,"""4096,4096;""",INT64;INT64,ND;ND,"""4096,4096""",BOOL,ND,N/A,0.0,0,0.0,0.0,0.0,0.0,0.0,0.0,0.0,0.0,0.0,0.0,0.0,159.253,13759476,121.28,0.762,44.879,0.282,44.743,0.281,35.666,0.224,0.0,0.000
1,0,4294967295,322,46,aclnnReduceSum_CastAiCore_Cast,Cast,dynamic,AI_VECTOR_CORE,1790274065666374.239	,32.782,0.000000,48,0,NO,"""4096,4096""",BOOL,ND,"""4096,4096""",INT64,ND,N/A,0.0,0,0.0,0.0,0.0,0.0,0.0,0.0,0.0,0.0,0.0,0.0,0.0,30.568,2641109,15.479,0.506,4.03,0.132,16.574,0.542,29.109,0.952,0.0,0.000
1,0,4294967295,323,46,aclnnReduceSum_ReduceSumOpAiCore_ReduceSum,ReduceSum,dynamic,MIX_AIV,1790274065666408.421	,2556.222,1.468000,48,0,NO,"""4096,4096;2""",INT64;INT64,ND;ND,"""""",INT64,ND,0,0.0,0,0.0,0.0,0.0,0.0,0.0,0.0,0.0,0.0,0.0,0.0,0.0,2554.618,220719011,0.054,0.0,2530.152,0.99,22.768,0.009,0.397,0.0,0.0,0.000
1,0,4294967295,65,43,aclnnMuls_MulAiCore_Mul,Mul,dynamic,AI_VECTOR_CORE,1790274065669075.687	,56.863,111.028000,48,0,NO,"""4096,4096;""",FLOAT16;FLOAT16,ND;ND,"""4096,4096""",FLOAT16,ND,N/A,0.0,0,0.0,0.0,0.0,0.0,0.0,0.0,0.0,0.0,0.0,0.0,0.0,54.278,4689607,1.947,0.036,2.258,0.042,49.731,0.916,29.244,0.539,0.021,0.000
1,0,4294967295,324,46,aclnnEqScalar_EqualAiCore_Equal,Equal,dynamic,AI_VECTOR_CORE,1790274065669174.211	,24.741,41.637000,48,0,NO,"""4096,4096;""",FLOAT16;FLOAT16,ND;ND,"""4096,4096""",BOOL,ND,N/A,0.0,0,0.0,0.0,0.0,0.0,0.0,0.0,0.0,0.0,0.0,0.0,0.0,22.835,1972909,7.135,0.312,2.93,0.128,12.148,0.532,11.662,0.511,0.013,0.000
1,0,4294967295,325,46,aclnnAll_ReduceAll_ReduceAll,ReduceAll,dynamic,MIX_AIV,1790274065669200.132	,29.861,1.259000,48,0,NO,"""4096,4096;2""",BOOL;INT64,ND;ND,"""""",BOOL,ND,0,0.0,0,0.0,0.0,0.0,0.0,0.0,0.0,0.0,0.0,0.0,0.0,0.0,26.969,2330095,9.228,0.342,1.881,0.07,7.354,0.273,0.277,0.01,0.038,0.000
1,0,4294967295,326,46,aclnnInplaceFillScalar_FillAiCore_Fill,Fill,dynamic,AI_VECTOR_CORE,1790274065669305.777	,15.220,75.639000,48,0,NO,"""2;""",INT64;FLOAT16,ND;ND,"""4096,4096""",FLOAT16,ND,N/A,0.0,0,0.0,0.0,0.0,0.0,0.0,0.0,0.0,0.0,0.0,0.0,0.0,12.97,1120631,1.695,0.131,0.552,0.043,0.108,0.008,8.668,0.668,0.064,0.000
1,0,4294967295,327,46,aclnnInplaceFillScalar_FillAiCore_Fill,Fill,dynamic,AI_VECTOR_CORE,1790274065669321.017	,12.781,0.030000,48,0,NO,"""2;""",INT64;FLOAT16,ND;ND,"""4096,4096""",FLOAT16,ND,N/A,0.0,0,0.0,0.0,0.0,0.0,0.0,0.0,0.0,0.0,0.0,0.0,0.0,11.009,951209,1.695,0.154,2.482,0.225,1.289,0.117,7.268,0.66,0.0,0.000
1,0,4294967295,133,44,aclnnMm_MatMulV3Common_MatMulV3,MatMulV3,dynamic,AI_CORE,1790274065669406.421	,1117.324,72.719000,24,0,NO,"""4096,4096;4096,4096""",FLOAT16;FLOAT16,ND;ND,"""4096,4096""",FLOAT16,ND,N/A,936.417,40453208,396.3,0.423,176.052,0.188,313.821,0.335,907.674,0.969,132.14,0.141,0.0,0.0,0,0.0,0.0,0.0,0.0,0.0,0.0,0.0,0.0,0.0,83.809
1,0,4294967295,133,42,aclnnMuls_MulAiCore_Mul,Mul,dynamic,AI_VECTOR_CORE,1790274065669700.972	,600.164,0.000000,48,0,NO,"""67108864;""",FLOAT;FLOAT,ND;ND,"""67108864""",FLOAT,ND,N/A,0.0,0,0.0,0.0,0.0,0.0,0.0,0.0,0.0,0.0,0.0,0.0,0.0,588.521,50848226,15.512,0.026,8.822,0.015,584.098,0.992,114.473,0.195,0.004,0.000
1,0,4294967295,134,42,aclnnMuls_MulAiCore_Mul,Mul,dynamic,AI_VECTOR_CORE,1790274065670301.156	,547.382,0.086000,48,0,NO,"""67108864;""",FLOAT;FLOAT,ND;ND,"""67108864""",FLOAT,ND,N/A,0.0,0,0.0,0.0,0.0,0.0,0.0,0.0,0.0,0.0,0.0,0.0,0.0,481.337,41587522,15.512,0.032,10.464,0.022,477.716,0.992,117.24,0.244,0.0,0.000
1,0,4294967295,134,44,aclnnMm_MatMulV3Common_MatMulV3,MatMulV3,dynamic,AI_CORE,1790274065670523.765	,1588.744,0.000000,24,0,NO,"""4096,4096;4096,4096""",FLOAT16;FLOAT16,ND;ND,"""4096,4096""",FLOAT16,ND,N/A,1392.682,60163842,399.474,0.287,185.595,0.133,287.054,0.206,1381.738,0.992,188.77,0.136,0.0,0.0,0,0.0,0.0,0.0,0.0,0.0,0.0,0.0,0.0,0.0,87.659
1,0,4294967295,135,42,aclnnMuls_MulAiCore_Mul,Mul,dynamic,AI_VECTOR_CORE,1790274065670848.558	,553.282,0.000000,48,0,NO,"""67108864;""",FLOAT;FLOAT,ND;ND,"""67108864""",FLOAT,ND,N/A,0.0,0,0.0,0.0,0.0,0.0,0.0,0.0,0.0,0.0,0.0,0.0,0.0,538.151,46496251,15.512,0.029,10.462,0.019,534.521,0.993,77.597,0.144,0.0,0.000
1,0,4294967295,136,42,aclnnMuls_MulAiCore_Mul,Mul,dynamic,AI_VECTOR_CORE,1790274065671401.880	,558.443,0.218000,48,0,NO,"""67108864;""",FLOAT;FLOAT,ND;ND,"""67108864""",FLOAT,ND,N/A,0.0,0,0.0,0.0,0.0,0.0,0.0,0.0,0.0,0.0,0.0,0.0,0.0,525.442,45398177,15.512,0.03,10.105,0.019,522.165,0.994,74.803,0.142,0.0,0.000
1,0,4294967295,137,42,aclnnMuls_MulAiCore_Mul,Mul,dynamic,AI_VECTOR_CORE,1790274065671960.343	,547.302,0.000000,48,0,NO,"""67108864;""",FLOAT;FLOAT,ND;ND,"""67108864""",FLOAT,ND,N/A,0.0,0,0.0,0.0,0.0,0.0,0.0,0.0,0.0,0.0,0.0,0.0,0.0,505.936,43712913,15.512,0.031,10.121,0.02,502.633,0.993,110.125,0.218,0.0,0.000
1,0,4294967295,135,44,aclnnMm_MatMulV3Common_MatMulV3,MatMulV3,dynamic,AI_CORE,1790274065672112.529	,1118.484,0.000000,24,0,NO,"""4096,4096;4096,4096""",FLOAT16;FLOAT16,ND;ND,"""4096,4096""",FLOAT16,ND,N/A,1087.338,46973017,397.629,0.366,179.879,0.165,303.332,0.279,1065.708,0.98,143.947,0.132,0.0,0.0,0,0.0,0.0,0.0,0.0,0.0,0.0,0.0,0.0,0.0,97.215
1,0,4294967295,138,42,aclnnMuls_MulAiCore_Mul,Mul,dynamic,AI_VECTOR_CORE,1790274065672507.665	,569.562,0.000000,48,0,NO,"""67108864;""",FLOAT;FLOAT,ND;ND,"""67108864""",FLOAT,ND,N/A,0.0,0,0.0,0.0,0.0,0.0,0.0,0.0,0.0,0.0,0.0,0.0,0.0,550.373,47552211,15.512,0.028,10.582,0.019,546.622,0.993,74.347,0.135,0.0,0.000
1,0,4294967295,136,44,aclnnMm_MatMulV3Common_MatMulV3,MatMulV3,dynamic,AI_CORE,1790274065673231.033	,423.717,153.688000,24,0,NO,"""4096,4096;4096,4096""",FLOAT16;FLOAT16,ND;ND,"""4096,4096""",FLOAT16,ND,N/A,407.907,17621575,393.655,0.965,168.235,0.412,337.049,0.826,365.073,0.895,61.391,0.151,0.0,0.0,0,0.0,0.0,0.0,0.0,0.0,0.0,0.0,0.0,0.0,96.269
1,0,4294967295,137,44,aclnnMm_MatMulV3Common_MatMulV3,MatMulV3,dynamic,AI_CORE,1790274065673654.770	,424.957,0.033000,24,0,NO,"""4096,4096;4096,4096""",FLOAT16;FLOAT16,ND;ND,"""4096,4096""",FLOAT16,ND,N/A,408.269,17637225,393.684,0.964,168.969,0.414,337.304,0.826,361.946,0.887,61.43,0.15,0.0,0.0,0,0.0,0.0,0.0,0.0,0.0,0.0,0.0,0.0,0.0,96.073
1,0,4294967295,138,44,aclnnMm_MatMulV3Common_MatMulV3,MatMulV3,dynamic,AI_CORE,1790274065674079.747	,426.357,0.043000,24,0,NO,"""4096,4096;4096,4096""",FLOAT16;FLOAT16,ND;ND,"""4096,4096""",FLOAT16,ND,N/A,409.505,17690624,393.565,0.961,169.684,0.414,336.844,0.823,367.677,0.898,61.507,0.15,0.0,0.0,0,0.0,0.0,0.0,0.0,0.0,0.0,0.0,0.0,0.0,96.047
1,0,4294967295,68,43,aclnnMuls_MulAiCore_Mul,Mul,dynamic,AI_VECTOR_CORE,1790274065674506.584	,19.281,0.393000,48,0,NO,"""4096,4096;""",FLOAT16;FLOAT16,ND;ND,"""4096,4096""",FLOAT16,ND,N/A,0.0,0,0.0,0.0,0.0,0.0,0.0,0.0,0.0,0.0,0.0,0.0,0.0,16.435,1419974,1.947,0.118,2.25,0.137,9.376,0.571,11.05,0.672,0.022,0.000
1,0,4294967295,328,46,aclnnEqScalar_EqualAiCore_Equal,Equal,dynamic,AI_VECTOR_CORE,1790274065674617.149	,22.121,91.469000,48,0,NO,"""4096,4096;""",FLOAT16;FLOAT16,ND;ND,"""4096,4096""",BOOL,ND,N/A,0.0,0,0.0,0.0,0.0,0.0,0.0,0.0,0.0,0.0,0.0,0.0,0.0,20.515,1772470,7.135,0.348,3.025,0.147,10.638,0.519,7.921,0.386,0.013,0.000
1,0,4294967295,329,46,aclnnAll_ReduceAll_ReduceAll,ReduceAll,dynamic,MIX_AIV,1790274065674640.290	,32.301,0.879000,48,0,NO,"""4096,4096;2""",BOOL;INT64,ND;ND,"""""",BOOL,ND,0,0.0,0,0.0,0.0,0.0,0.0,0.0,0.0,0.0,0.0,0.0,0.0,0.0,29.358,2536500,9.234,0.315,1.554,0.053,7.311,0.249,0.137,0.005,0.037,0.000
1,0,4294967295,330,46,aclnnEqScalar_EqualAiCore_Equal,Equal,dynamic,AI_VECTOR_CORE,1790274065674720.933	,380.755,48.449000,48,0,NO,"""67108864;""",FLOAT;FLOAT,ND;ND,"""67108864""",BOOL,ND,N/A,0.0,0,0.0,0.0,0.0,0.0,0.0,0.0,0.0,0.0,0.0,0.0,0.0,376.652,32542756,43.615,0.116,15.639,0.042,352.006,0.935,125.711,0.334,0.002,0.000
1,0,4294967295,331,46,aclnnAll_ReduceAll_ReduceAll,ReduceAll,dynamic,MIX_AIV,1790274065675103.108	,56.963,1.245000,48,0,NO,"""67108864;1""",BOOL;INT64,ND;ND,"""""",BOOL,ND,0,0.0,0,0.0,0.0,0.0,0.0,0.0,0.0,0.0,0.0,0.0,0.0,0.0,55.919,4831361,36.222,0.648,6.346,0.113,29.863,0.534,0.157,0.003,0.0,0.000
1,0,4294967295,332,46,aclnnEqScalar_EqualAiCore_Equal,Equal,dynamic,AI_VECTOR_CORE,1790274065675199.032	,41.202,39.037000,48,0,NO,"""4096,4096;""",FLOAT16;FLOAT16,ND;ND,"""4096,4096""",BOOL,ND,N/A,0.0,0,0.0,0.0,0.0,0.0,0.0,0.0,0.0,0.0,0.0,0.0,0.0,38.587,3333882,7.134,0.185,4.603,0.119,32.588,0.845,9.309,0.241,0.0,0.000
1,0,4294967295,333,46,aclnnNeScalar_CastAiCore_Cast,Cast,dynamic,AI_VECTOR_CORE,1790274065675240.254	,38.361,0.048000,48,0,NO,"""4096,4096""",BOOL,ND,"""4096,4096""",INT64,ND,N/A,0.0,0,0.0,0.0,0.0,0.0,0.0,0.0,0.0,0.0,0.0,0.0,0.0,36.431,3147671,15.485,0.425,3.477,0.095,17.939,0.492,31.289,0.859,0.005,0.000
1,0,4294967295,334,46,aclnnNeScalar_NotEqualAiCore_NotEqual,NotEqual,dynamic,AI_VECTOR_CORE,1790274065675278.635	,177.587,0.139000,48,0,NO,"""4096,4096;""",INT64;INT64,ND;ND,"""4096,4096""",BOOL,ND,N/A,0.0,0,0.0,0.0,0.0,0.0,0.0,0.0,0.0,0.0,0.0,0.0,0.0,174.299,15059437,121.292,0.696,47.461,0.272,46.975,0.27,37.038,0.212,0.003,0.000
1,0,4294967295,335,46,aclnnReduceSum_CastAiCore_Cast,Cast,dynamic,AI_VECTOR_CORE,1790274065675456.262	,33.082,0.000000,48,0,NO,"""4096,4096""",BOOL,ND,"""4096,4096""",INT64,ND,N/A,0.0,0,0.0,0.0,0.0,0.0,0.0,0.0,0.0,0.0,0.0,0.0,0.0,30.652,2648344,15.479,0.505,4.055,0.132,16.631,0.543,29.135,0.951,0.0,0.000
1,0,4294967295,336,46,aclnnReduceSum_ReduceSumOpAiCore_ReduceSum,ReduceSum,dynamic,MIX_AIV,1790274065675490.324	,2563.962,0.918000,48,0,NO,"""4096,4096;2""",INT64;INT64,ND;ND,"""""",INT64,ND,0,0.0,0,0.0,0.0,0.0,0.0,0.0,0.0,0.0,0.0,0.0,0.0,0.0,2561.954,221352855,0.054,0.0,2528.1,0.987,23.996,0.009,0.148,0.0,0.0,0.000
1,0,4294967295,337,46,aclnnEqScalar_EqualAiCore_Equal,Equal,dynamic,AI_VECTOR_CORE,1790274065678103.028	,39.242,48.788000,48,0,NO,"""4096,4096;""",FLOAT16;FLOAT16,ND;ND,"""4096,4096""",BOOL,ND,N/A,0.0,0,0.0,0.0,0.0,0.0,0.0,0.0,0.0,0.0,0.0,0.0,0.0,29.291,2530757,7.134,0.244,4.8,0.164,22.675,0.774,8.641,0.295,0.0,0.000
1,0,4294967295,338,46,aclnnNeScalar_CastAiCore_Cast,Cast,dynamic,AI_VECTOR_CORE,1790274065678142.290	,35.541,0.008000,48,0,NO,"""4096,4096""",BOOL,ND,"""4096,4096""",INT64,ND,N/A,0.0,0,0.0,0.0,0.0,0.0,0.0,0.0,0.0,0.0,0.0,0.0,0.0,31.641,2733752,15.479,0.489,4.125,0.13,16.681,0.527,30.062,0.95,0.0,0.000
1,0,4294967295,339,46,aclnnNeScalar_NotEqualAiCore_NotEqual,NotEqual,dynamic,AI_VECTOR_CORE,1790274065678177.851	,160.567,0.000000,48,0,NO,"""4096,4096;""",INT64;INT64,ND;ND,"""4096,4096""",BOOL,ND,N/A,0.0,0,0.0,0.0,0.0,0.0,0.0,0.0,0.0,0.0,0.0,0.0,0.0,158.918,13730526,121.28,0.763,44.775,0.282,44.384,0.279,35.692,0.225,0.0,0.000
1,0,4294967295,340,46,aclnnReduceSum_CastAiCore_Cast,Cast,dynamic,AI_VECTOR_CORE,1790274065678338.438	,33.141,0.183000,48,0,NO,"""4096,4096""",BOOL,ND,"""4096,4096""",INT64,ND,N/A,0.0,0,0.0,0.0,0.0,0.0,0.0,0.0,0.0,0.0,0.0,0.0,0.0,30.939,2673096,15.479,0.5,4.25,0.137,16.649,0.538,29.251,0.945,0.0,0.000
1,0,4294967295,341,46,aclnnReduceSum_ReduceSumOpAiCore_ReduceSum,ReduceSum,dynamic,MIX_AIV,1790274065678372.499	,2556.482,0.859000,48,0,NO,"""4096,4096;2""",INT64;INT64,ND;ND,"""""",INT64,ND,0,0.0,0,0.0,0.0,0.0,0.0,0.0,0.0,0.0,0.0,0.0,0.0,0.0,2554.876,220741293,0.054,0.0,2530.054,0.99,22.882,0.009,0.317,0.0,0.0,0.000
1,0,4294967295,342,46,aclnnInplaceFillScalar_FillAiCore_Fill,Fill,dynamic,AI_VECTOR_CORE,1790274065681052.386	,15.581,123.518000,48,0,NO,"""2;""",INT64;FLOAT16,ND;ND,"""4096,4096""",FLOAT16,ND,N/A,0.0,0,0.0,0.0,0.0,0.0,0.0,0.0,0.0,0.0,0.0,0.0,0.0,13.229,1142974,1.695,0.128,0.558,0.042,0.112,0.008,8.966,0.678,0.063,0.000
1,0,4294967295,343,46,aclnnInplaceFillScalar_FillAiCore_Fill,Fill,dynamic,AI_VECTOR_CORE,1790274065681067.987	,20.581,0.000000,48,0,NO,"""2;""",INT64;FLOAT16,ND;ND,"""4096,4096""",FLOAT16,ND,N/A,0.0,0,0.0,0.0,0.0,0.0,0.0,0.0,0.0,0.0,0.0,0.0,0.0,17.475,1509820,1.695,0.097,2.771,0.159,1.45,0.083,13.284,0.76,0.0,0.000
1,0,4294967295,140,44,aclnnMm_MatMulV3Common_MatMulV3,MatMulV3,dynamic,AI_CORE,1790274065681168.891	,924.737,80.419000,24,0,NO,"""4096,4096;4096,4096""",FLOAT16;FLOAT16,ND;ND,"""4096,4096""",FLOAT16,ND,N/A,861.222,37204787,395.892,0.46,174.692,0.203,318.328,0.37,826.283,0.959,123.333,0.143,0.0,0.0,0,0.0,0.0,0.0,0.0,0.0,0.0,0.0,0.0,0.0,93.132
1,0,4294967295,140,42,aclnnMuls_MulAiCore_Mul,Mul,dynamic,AI_VECTOR_CORE,1790274065681492.964	,604.084,0.000000,48,0,NO,"""67108864;""",FLOAT;FLOAT,ND;ND,"""67108864""",FLOAT,ND,N/A,0.0,0,0.0,0.0,0.0,0.0,0.0,0.0,0.0,0.0,0.0,0.0,0.0,567.795,49057478,15.512,0.027,9.004,0.016,563.502,0.992,114.776,0.202,0.004,0.000
1,0,4294967295,141,44,aclnnMm_MatMulV3Common_MatMulV3,MatMulV3,dynamic,AI_CORE,1790274065682093.648	,1675.487,0.000000,24,0,NO,"""4096,4096;4096,4096""",FLOAT16;FLOAT16,ND;ND,"""4096,4096""",FLOAT16,ND,N/A,1571.327,67881339,400.011,0.255,185.668,0.118,281.386,0.179,1564.254,0.995,212.723,0.135,0.0,0.0,0,0.0,0.0,0.0,0.0,0.0,0.0,0.0,0.0,0.0,93.783
1,0,4294967295,141,42,aclnnMuls_MulAiCore_Mul,Mul,dynamic,AI_VECTOR_CORE,1790274065682097.068	,571.123,0.000000,48,0,NO,"""67108864;""",FLOAT;FLOAT,ND;ND,"""67108864""",FLOAT,ND,N/A,0.0,0,0.0,0.0,0.0,0.0,0.0,0.0,0.0,0.0,0.0,0.0,0.0,556.242,48059275,15.512,0.028,10.689,0.019,552.392,0.993,73.02,0.131,0.0,0.000
1,0,4294967295,142,42,aclnnMuls_MulAiCore_Mul,Mul,dynamic,AI_VECTOR_CORE,1790274065682668.211	,566.542,0.127000,48,0,NO,"""67108864;""",FLOAT;FLOAT,ND;ND,"""67108864""",FLOAT,ND,N/A,0.0,0,0.0,0.0,0.0,0.0,0.0,0.0,0.0,0.0,0.0,0.0,0.0,545.146,47100584,15.512,0.028,10.517,0.019,541.457,0.993,72.597,0.133,0.0,0.000
1,0,4294967295,143,42,aclnnMuls_MulAiCore_Mul,Mul,dynamic,AI_VECTOR_CORE,1790274065683234.773	,549.542,0.000000,48,0,NO,"""67108864;""",FLOAT;FLOAT,ND;ND,"""67108864""",FLOAT,ND,N/A,0.0,0,0.0,0.0,0.0,0.0,0.0,0.0,0.0,0.0,0.0,0.0,0.0,497.14,42952875,15.512,0.031,10.497,0.021,493.45,0.993,79.58,0.16,0.0,0.000
1,0,4294967295,142,44,aclnnMm_MatMulV3Common_MatMulV3,MatMulV3,dynamic,AI_CORE,1790274065683769.155	,1272.071,0.000000,24,0,NO,"""4096,4096;4096,4096""",FLOAT16;FLOAT16,ND;ND,"""4096,4096""",FLOAT16,ND,N/A,1234.545,53332358,398.591,0.323,181.91,0.147,294.77,0.239,1219.988,0.988,167.247,0.135,0.0,0.0,0,0.0,0.0,0.0,0.0,0.0,0.0,0.0,0.0,0.0,97.050
1,0,4294967295,144,42,aclnnMuls_MulAiCore_Mul,Mul,dynamic,AI_VECTOR_CORE,1790274065683784.335	,564.623,0.000000,48,0,NO,"""67108864;""",FLOAT;FLOAT,ND;ND,"""67108864""",FLOAT,ND,N/A,0.0,0,0.0,0.0,0.0,0.0,0.0,0.0,0.0,0.0,0.0,0.0,0.0,545.061,47093269,15.512,0.028,10.377,0.019,541.517,0.993,74.495,0.137,0.0,0.000
1,0,4294967295,145,42,aclnnMuls_MulAiCore_Mul,Mul,dynamic,AI_VECTOR_CORE,1790274065684348.978	,563.423,0.127000,48,0,NO,"""67108864;""",FLOAT;FLOAT,ND;ND,"""67108864""",FLOAT,ND,N/A,0.0,0,0.0,0.0,0.0,0.0,0.0,0.0,0.0,0.0,0.0,0.0,0.0,542.18,46844392,15.512,0.029,10.362,0.019,538.652,0.993,73.113,0.135,0.0,0.000
1,0,4294967295,143,44,aclnnMm_MatMulV3Common_MatMulV3,MatMulV3,dynamic,AI_CORE,1790274065685041.246	,426.917,128.827000,24,0,NO,"""4096,4096;4096,4096""",FLOAT16;FLOAT16,ND;ND,"""4096,4096""",FLOAT16,ND,N/A,410.061,17714648,393.593,0.96,169.933,0.414,336.692,0.821,367.336,0.896,61.652,0.15,0.0,0.0,0,0.0,0.0,0.0,0.0,0.0,0.0,0.0,0.0,0.0,96.052
1,0,4294967295,144,44,aclnnMm_MatMulV3Common_MatMulV3,MatMulV3,dynamic,AI_CORE,1790274065685468.183	,425.757,0.083000,24,0,NO,"""4096,4096;4096,4096""",FLOAT16;FLOAT16,ND;ND,"""4096,4096""",FLOAT16,ND,N/A,408.785,17659514,393.619,0.963,169.293,0.414,337.457,0.826,362.891,0.888,61.385,0.15,0.0,0.0,0,0.0,0.0,0.0,0.0,0.0,0.0,0.0,0.0,0.0,96.014
1,0,4294967295,145,44,aclnnMm_MatMulV3Common_MatMulV3,MatMulV3,dynamic,AI_CORE,1790274065685893.960	,427.037,0.000000,24,0,NO,"""4096,4096;4096,4096""",FLOAT16;FLOAT16,ND;ND,"""4096,4096""",FLOAT16,ND,N/A,410.065,17714810,393.634,0.96,169.846,0.414,336.385,0.82,368.187,0.898,61.723,0.151,0.0,0.0,0,0.0,0.0,0.0,0.0,0.0,0.0,0.0,0.0,0.0,96.026
1,0,4294967295,71,43,aclnnMuls_MulAiCore_Mul,Mul,dynamic,AI_VECTOR_CORE,1790274065686321.557	,20.721,0.463000,48,0,NO,"""4096,4096;""",FLOAT16;FLOAT16,ND;ND,"""4096,4096""",FLOAT16,ND,N/A,0.0,0,0.0,0.0,0.0,0.0,0.0,0.0,0.0,0.0,0.0,0.0,0.0,18.67,1613059,1.947,0.104,2.568,0.138,10.878,0.583,12.458,0.667,0.024,0.000
1,0,4294967295,344,46,aclnnEqScalar_EqualAiCore_Equal,Equal,dynamic,AI_VECTOR_CORE,1790274065686435.241	,21.961,93.029000,48,0,NO,"""4096,4096;""",FLOAT16;FLOAT16,ND;ND,"""4096,4096""",BOOL,ND,N/A,0.0,0,0.0,0.0,0.0,0.0,0.0,0.0,0.0,0.0,0.0,0.0,0.0,20.168,1742527,7.135,0.354,3.382,0.168,10.504,0.521,7.802,0.387,0.014,0.000
1,0,4294967295,345,46,aclnnAll_ReduceAll_ReduceAll,ReduceAll,dynamic,MIX_AIV,1790274065686458.242	,29.941,1.039000,48,0,NO,"""4096,4096;2""",BOOL;INT64,ND;ND,"""""",BOOL,ND,0,0.0,0,0.0,0.0,0.0,0.0,0.0,0.0,0.0,0.0,0.0,0.0,0.0,27.044,2336614,9.228,0.341,1.896,0.07,7.322,0.271,0.284,0.011,0.039,0.000
1,0,4294967295,346,46,aclnnEqScalar_EqualAiCore_Equal,Equal,dynamic,AI_VECTOR_CORE,1790274065686534.485	,380.096,46.309000,48,0,NO,"""67108864;""",FLOAT;FLOAT,ND;ND,"""67108864""",BOOL,ND,N/A,0.0,0,0.0,0.0,0.0,0.0,0.0,0.0,0.0,0.0,0.0,0.0,0.0,376.06,32491567,43.615,0.116,15.978,0.042,351.539,0.935,126.776,0.337,0.002,0.000
1,0,4294967295,347,46,aclnnAll_ReduceAll_ReduceAll,ReduceAll,dynamic,MIX_AIV,1790274065686915.661	,56.642,1.154000,48,0,NO,"""67108864;1""",BOOL;INT64,ND;ND,"""""",BOOL,ND,0,0.0,0,0.0,0.0,0.0,0.0,0.0,0.0,0.0,0.0,0.0,0.0,0.0,55.602,4804048,36.222,0.651,6.351,0.114,29.295,0.527,0.154,0.003,0.0,0.000
1,0,4294967295,348,46,aclnnEqScalar_EqualAiCore_Equal,Equal,dynamic,AI_VECTOR_CORE,1790274065687012.724	,41.502,40.358000,48,0,NO,"""4096,4096;""",FLOAT16;FLOAT16,ND;ND,"""4096,4096""",BOOL,ND,N/A,0.0,0,0.0,0.0,0.0,0.0,0.0,0.0,0.0,0.0,0.0,0.0,0.0,39.206,3387371,7.134,0.182,4.97,0.127,32.848,0.838,9.213,0.235,0.0,0.000
1,0,4294967295,349,46,aclnnNeScalar_CastAiCore_Cast,Cast,dynamic,AI_VECTOR_CORE,1790274065687054.246	,38.642,0.000000,48,0,NO,"""4096,4096""",BOOL,ND,"""4096,4096""",INT64,ND,N/A,0.0,0,0.0,0.0,0.0,0.0,0.0,0.0,0.0,0.0,0.0,0.0,0.0,36.472,3151195,15.485,0.425,3.474,0.095,17.975,0.493,31.319,0.859,0.005,0.000
1,0,4294967295,350,46,aclnnNeScalar_NotEqualAiCore_NotEqual,NotEqual,dynamic,AI_VECTOR_CORE,1790274065687092.908	,168.206,0.108000,48,0,NO,"""4096,4096;""",INT64;INT64,ND;ND,"""4096,4096""",BOOL,ND,N/A,0.0,0,0.0,0.0,0.0,0.0,0.0,0.0,0.0,0.0,0.0,0.0,0.0,164.643,14225143,121.292,0.737,42.62,0.259,45.107,0.274,36.913,0.224,0.003,0.000
1,0,4294967295,351,46,aclnnReduceSum_CastAiCore_Cast,Cast,dynamic,AI_VECTOR_CORE,1790274065687261.134	,32.822,0.044000,48,0,NO,"""4096,4096""",BOOL,ND,"""4096,4096""",INT64,ND,N/A,0.0,0,0.0,0.0,0.0,0.0,0.0,0.0,0.0,0.0,0.0,0.0,0.0,30.81,2661998,15.479,0.502,4.175,0.136,16.615,0.539,29.153,0.946,0.0,0.000
1,0,4294967295,352,46,aclnnReduceSum_ReduceSumOpAiCore_ReduceSum,ReduceSum,dynamic,MIX_AIV,1790274065687295.056	,2563.942,0.928000,48,0,NO,"""4096,4096;2""",INT64;INT64,ND;ND,"""""",INT64,ND,0,0.0,0,0.0,0.0,0.0,0.0,0.0,0.0,0.0,0.0,0.0,0.0,0.0,2561.919,221349784,0.054,0.0,2528.073,0.987,23.983,0.009,0.14,0.0,0.0,0.000
1,0,4294967295,353,46,aclnnEqScalar_EqualAiCore_Equal,Equal,dynamic,AI_VECTOR_CORE,1790274065689907.640	,39.002,48.808000,48,0,NO,"""4096,4096;""",FLOAT16;FLOAT16,ND;ND,"""4096,4096""",BOOL,ND,N/A,0.0,0,0.0,0.0,0.0,0.0,0.0,0.0,0.0,0.0,0.0,0.0,0.0,28.711,2480610,7.134,0.248,4.525,0.158,22.376,0.779,8.38,0.292,0.0,0.000
1,0,4294967295,354,46,aclnnNeScalar_CastAiCore_Cast,Cast,dynamic,AI_VECTOR_CORE,1790274065689946.662	,33.861,0.000000,48,0,NO,"""4096,4096""",BOOL,ND,"""4096,4096""",INT64,ND,N/A,0.0,0,0.0,0.0,0.0,0.0,0.0,0.0,0.0,0.0,0.0,0.0,0.0,31.363,2709777,15.479,0.494,4.03,0.128,16.679,0.532,29.916,0.954,0.0,0.000
1,0,4294967295,355,46,aclnnNeScalar_NotEqualAiCore_NotEqual,NotEqual,dynamic,AI_VECTOR_CORE,1790274065689980.543	,159.966,0.000000,48,0,NO,"""4096,4096;""",INT64;INT64,ND;ND,"""4096,4096""",BOOL,ND,N/A,0.0,0,0.0,0.0,0.0,0.0,0.0,0.0,0.0,0.0,0.0,0.0,0.0,158.526,13696622,121.28,0.765,44.481,0.281,44.363,0.28,35.693,0.225,0.0,0.000
1,0,4294967295,356,46,aclnnReduceSum_CastAiCore_Cast,Cast,dynamic,AI_VECTOR_CORE,1790274065690140.529	,32.882,0.034000,48,0,NO,"""4096,4096""",BOOL,ND,"""4096,4096""",INT64,ND,N/A,0.0,0,0.0,0.0,0.0,0.0,0.0,0.0,0.0,0.0,0.0,0.0,0.0,30.775,2658962,15.479,0.503,4.161,0.135,16.628,0.54,29.164,0.948,0.0,0.000
1,0,4294967295,357,46,aclnnReduceSum_ReduceSumOpAiCore_ReduceSum,ReduceSum,dynamic,MIX_AIV,1790274065690174.771	,2556.422,1.368000,48,0,NO,"""4096,4096;2""",INT64;INT64,ND;ND,"""""",INT64,ND,0,0.0,0,0.0,0.0,0.0,0.0,0.0,0.0,0.0,0.0,0.0,0.0,0.0,2554.808,220735411,0.054,0.0,2530.082,0.99,22.896,0.009,0.335,0.0,0.0,0.000
1,0,4294967295,358,46,aclnnInplaceFillScalar_FillAiCore_Fill,Fill,dynamic,AI_VECTOR_CORE,1790274065692845.238	,15.360,114.078000,48,0,NO,"""2;""",INT64;FLOAT16,ND;ND,"""4096,4096""",FLOAT16,ND,N/A,0.0,0,0.0,0.0,0.0,0.0,0.0,0.0,0.0,0.0,0.0,0.0,0.0,13.243,1144198,1.695,0.128,0.554,0.042,0.111,0.008,8.908,0.673,0.062,0.000
1,0,4294967295,359,46,aclnnInplaceFillScalar_FillAiCore_Fill,Fill,dynamic,AI_VECTOR_CORE,1790274065692860.618	,19.581,0.000000,48,0,NO,"""2;""",INT64;FLOAT16,ND;ND,"""4096,4096""",FLOAT16,ND,N/A,0.0,0,0.0,0.0,0.0,0.0,0.0,0.0,0.0,0.0,0.0,0.0,0.0,17.258,1491110,1.695,0.098,2.485,0.144,1.281,0.074,13.522,0.784,0.0,0.000
1,0,4294967295,147,44,aclnnMm_MatMulV3Common_MatMulV3,MatMulV3,dynamic,AI_CORE,1790274065692952.742	,1198.968,72.669000,24,0,NO,"""4096,4096;4096,4096""",FLOAT16;FLOAT16,ND;ND,"""4096,4096""",FLOAT16,ND,N/A,1007.723,43533613,396.714,0.394,178.772,0.177,309.73,0.307,981.363,0.974,143.299,0.142,0.0,0.0,0,0.0,0.0,0.0,0.0,0.0,0.0,0.0,0.0,0.0,84.049
1,0,4294967295,73,43,aclnnMuls_MulAiCore_Mul,Mul,dynamic,AI_VECTOR_CORE,1790274065693154.750	,27.941,0.000000,48,0,NO,"""4096,4096;""",FLOAT16;FLOAT16,ND;ND,"""4096,4096""",FLOAT16,ND,N/A,0.0,0,0.0,0.0,0.0,0.0,0.0,0.0,0.0,0.0,0.0,0.0,0.0,25.149,2172839,1.947,0.077,2.238,0.089,21.846,0.869,9.217,0.367,0.024,0.000
1,0,4294967295,147,42,aclnnMuls_MulAiCore_Mul,Mul,dynamic,AI_VECTOR_CORE,1790274065693233.653	,607.504,51.059000,48,0,NO,"""67108864;""",FLOAT;FLOAT,ND;ND,"""67108864""",FLOAT,ND,N/A,0.0,0,0.0,0.0,0.0,0.0,0.0,0.0,0.0,0.0,0.0,0.0,0.0,590.15,50988946,15.512,0.026,9.227,0.016,585.523,0.992,113.345,0.192,0.004,0.000
1,0,4294967295,148,42,aclnnMuls_MulAiCore_Mul,Mul,dynamic,AI_VECTOR_CORE,1790274065693841.197	,538.582,0.000000,48,0,NO,"""67108864;""",FLOAT;FLOAT,ND;ND,"""67108864""",FLOAT,ND,N/A,0.0,0,0.0,0.0,0.0,0.0,0.0,0.0,0.0,0.0,0.0,0.0,0.0,473.745,40931544,15.512,0.033,10.343,0.022,470.199,0.993,118.953,0.251,0.0,0.000
1,0,4294967295,148,44,aclnnMm_MatMulV3Common_MatMulV3,MatMulV3,dynamic,AI_CORE,1790274065694151.730	,1574.063,0.000000,24,0,NO,"""4096,4096;4096,4096""",FLOAT16;FLOAT16,ND;ND,"""4096,4096""",FLOAT16,ND,N/A,1359.074,58711992,399.041,0.294,184.052,0.135,290.595,0.214,1345.987,0.99,186.533,0.137,0.0,0.0,0,0.0,0.0,0.0,0.0,0.0,0.0,0.0,0.0,0.0,86.342
1,0,4294967295,149,42,aclnnMuls_MulAiCore_Mul,Mul,dynamic,AI_VECTOR_CORE,1790274065694379.819	,573.343,0.000000,48,0,NO,"""67108864;""",FLOAT;FLOAT,ND;ND,"""67108864""",FLOAT,ND,N/A,0.0,0,0.0,0.0,0.0,0.0,0.0,0.0,0.0,0.0,0.0,0.0,0.0,551.332,47635061,15.512,0.028,10.331,0.019,547.829,0.994,76.458,0.139,0.0,0.000
1,0,4294967295,150,42,aclnnMuls_MulAiCore_Mul,Mul,dynamic,AI_VECTOR_CORE,1790274065694953.202	,557.682,0.157000,48,0,NO,"""67108864;""",FLOAT;FLOAT,ND;ND,"""67108864""",FLOAT,ND,N/A,0.0,0,0.0,0.0,0.0,0.0,0.0,0.0,0.0,0.0,0.0,0.0,0.0,533.365,46082762,15.512,0.029,10.704,0.02,529.491,0.993,75.378,0.141,0.0,0.000
1,0,4294967295,151,42,aclnnMuls_MulAiCore_Mul,Mul,dynamic,AI_VECTOR_CORE,1790274065695510.904	,544.722,0.068000,48,0,NO,"""67108864;""",FLOAT;FLOAT,ND;ND,"""67108864""",FLOAT,ND,N/A,0.0,0,0.0,0.0,0.0,0.0,0.0,0.0,0.0,0.0,0.0,0.0,0.0,483.852,41804849,15.512,0.032,10.718,0.022,479.969,0.992,115.167,0.238,0.0,0.000
1,0,4294967295,149,44,aclnnMm_MatMulV3Common_MatMulV3,MatMulV3,dynamic,AI_CORE,1790274065695725.813	,1047.842,0.000000,24,0,NO,"""4096,4096;4096,4096""",FLOAT16;FLOAT16,ND;ND,"""4096,4096""",FLOAT16,ND,N/A,1016.425,43909580,397.606,0.391,180.35,0.177,304.909,0.3,994.053,0.978,138.418,0.136,0.0,0.0,0,0.0,0.0,0.0,0.0,0.0,0.0,0.0,0.0,0.0,97.002
1,0,4294967295,152,42,aclnnMuls_MulAiCore_Mul,Mul,dynamic,AI_VECTOR_CORE,1790274065696055.646	,553.362,0.000000,48,0,NO,"""67108864;""",FLOAT;FLOAT,ND;ND,"""67108864""",FLOAT,ND,N/A,0.0,0,0.0,0.0,0.0,0.0,0.0,0.0,0.0,0.0,0.0,0.0,0.0,539.103,46578521,15.512,0.029,10.468,0.019,535.453,0.993,77.635,0.144,0.0,0.000
1,0,4294967295,150,44,aclnnMm_MatMulV3Common_MatMulV3,MatMulV3,dynamic,AI_CORE,1790274065696773.695	,427.317,164.638000,24,0,NO,"""4096,4096;4096,4096""",FLOAT16;FLOAT16,ND;ND,"""4096,4096""",FLOAT16,ND,N/A,410.792,17746219,393.688,0.958,170.389,0.415,336.702,0.82,367.754,0.895,61.631,0.15,0.0,0.0,0,0.0,0.0,0.0,0.0,0.0,0.0,0.0,0.0,0.0,96.133
1,0,4294967295,151,44,aclnnMm_MatMulV3Common_MatMulV3,MatMulV3,dynamic,AI_CORE,1790274065697201.052	,426.257,0.000000,24,0,NO,"""4096,4096;4096,4096""",FLOAT16;FLOAT16,ND;ND,"""4096,4096""",FLOAT16,ND,N/A,409.312,17682268,393.725,0.962,169.598,0.414,337.718,0.825,361.152,0.882,61.37,0.15,0.0,0.0,0,0.0,0.0,0.0,0.0,0.0,0.0,0.0,0.0,0.0,96.025
1,0,4294967295,152,44,aclnnMm_MatMulV3Common_MatMulV3,MatMulV3,dynamic,AI_CORE,1790274065697627.329	,426.037,0.000000,24,0,NO,"""4096,4096;4096,4096""",FLOAT16;FLOAT16,ND;ND,"""4096,4096""",FLOAT16,ND,N/A,409.366,17684629,393.582,0.961,169.629,0.414,336.761,0.823,367.541,0.898,61.41,0.15,0.0,0.0,0,0.0,0.0,0.0,0.0,0.0,0.0,0.0,0.0,0.0,96.087
1,0,4294967295,360,46,aclnnEqScalar_EqualAiCore_Equal,Equal,dynamic,AI_VECTOR_CORE,1790274065698158.510	,22.181,105.213000,48,0,NO,"""4096,4096;""",FLOAT16;FLOAT16,ND;ND,"""4096,4096""",BOOL,ND,N/A,0.0,0,0.0,0.0,0.0,0.0,0.0,0.0,0.0,0.0,0.0,0.0,0.0,20.476,1769090,7.135,0.348,2.945,0.144,10.767,0.526,7.742,0.378,0.013,0.000
1,0,4294967295,361,46,aclnnAll_ReduceAll_ReduceAll,ReduceAll,dynamic,MIX_AIV,1790274065698181.931	,29.961,1.319000,48,0,NO,"""4096,4096;2""",BOOL;INT64,ND;ND,"""""",BOOL,ND,0,0.0,0,0.0,0.0,0.0,0.0,0.0,0.0,0.0,0.0,0.0,0.0,0.0,27.101,2341550,9.228,0.341,1.975,0.073,7.245,0.267,0.351,0.013,0.039,0.000
1,0,4294967295,362,46,aclnnEqScalar_EqualAiCore_Equal,Equal,dynamic,AI_VECTOR_CORE,1790274065698260.534	,370.735,48.539000,48,0,NO,"""67108864;""",FLOAT;FLOAT,ND;ND,"""67108864""",BOOL,ND,N/A,0.0,0,0.0,0.0,0.0,0.0,0.0,0.0,0.0,0.0,0.0,0.0,0.0,365.468,31576442,43.615,0.119,16.322,0.045,340.2,0.931,109.753,0.3,0.002,0.000
1,0,4294967295,363,46,aclnnAll_ReduceAll_ReduceAll,ReduceAll,dynamic,MIX_AIV,1790274065698632.189	,57.362,1.015000,48,0,NO,"""67108864;1""",BOOL;INT64,ND;ND,"""""",BOOL,ND,0,0.0,0,0.0,0.0,0.0,0.0,0.0,0.0,0.0,0.0,0.0,0.0,0.0,56.311,4865288,36.222,0.643,6.362,0.113,29.817,0.53,0.145,0.003,0.0,0.000
1,0,4294967295,364,46,aclnnEqScalar_EqualAiCore_Equal,Equal,dynamic,AI_VECTOR_CORE,1790274065698733.073	,41.102,43.388000,48,0,NO,"""4096,4096;""",FLOAT16;FLOAT16,ND;ND,"""4096,4096""",BOOL,ND,N/A,0.0,0,0.0,0.0,0.0,0.0,0.0,0.0,0.0,0.0,0.0,0.0,0.0,38.76,3348831,7.134,0.184,4.602,0.119,32.768,0.845,9.169,0.237,0.0,0.000
1,0,4294967295,365,46,aclnnNeScalar_CastAiCore_Cast,Cast,dynamic,AI_VECTOR_CORE,1790274065698774.195	,38.441,0.148000,48,0,NO,"""4096,4096""",BOOL,ND,"""4096,4096""",INT64,ND,N/A,0.0,0,0.0,0.0,0.0,0.0,0.0,0.0,0.0,0.0,0.0,0.0,0.0,36.466,3150685,15.485,0.425,3.476,0.095,17.967,0.493,31.323,0.859,0.005,0.000
1,0,4294967295,366,46,aclnnNeScalar_NotEqualAiCore_NotEqual,NotEqual,dynamic,AI_VECTOR_CORE,1790274065698812.676	,168.287,0.059000,48,0,NO,"""4096,4096;""",INT64;INT64,ND;ND,"""4096,4096""",BOOL,ND,N/A,0.0,0,0.0,0.0,0.0,0.0,0.0,0.0,0.0,0.0,0.0,0.0,0.0,164.722,14232015,121.292,0.736,42.588,0.259,45.469,0.276,37.043,0.225,0.003,0.000
1,0,4294967295,367,46,aclnnReduceSum_CastAiCore_Cast,Cast,dynamic,AI_VECTOR_CORE,1790274065698980.983	,33.121,0.000000,48,0,NO,"""4096,4096""",BOOL,ND,"""4096,4096""",INT64,ND,N/A,0.0,0,0.0,0.0,0.0,0.0,0.0,0.0,0.0,0.0,0.0,0.0,0.0,30.698,2652280,15.479,0.504,4.06,0.132,16.664,0.543,29.145,0.949,0.0,0.000
1,0,4294967295,368,46,aclnnReduceSum_ReduceSumOpAiCore_ReduceSum,ReduceSum,dynamic,MIX_AIV,1790274065699015.484	,2563.983,1.379000,48,0,NO,"""4096,4096;2""",INT64;INT64,ND;ND,"""""",INT64,ND,0,0.0,0,0.0,0.0,0.0,0.0,0.0,0.0,0.0,0.0,0.0,0.0,0.0,2562.009,221357548,0.054,0.0,2528.099,0.987,24.127,0.009,0.163,0.0,0.0,0.000
1,0,4294967295,369,46,aclnnEqScalar_EqualAiCore_Equal,Equal,dynamic,AI_VECTOR_CORE,1790274065701625.709	,39.201,46.267000,48,0,NO,"""4096,4096;""",FLOAT16;FLOAT16,ND;ND,"""4096,4096""",BOOL,ND,N/A,0.0,0,0.0,0.0,0.0,0.0,0.0,0.0,0.0,0.0,0.0,0.0,0.0,29.091,2513466,7.134,0.245,4.77,0.164,22.521,0.774,8.326,0.286,0.0,0.000
1,0,4294967295,370,46,aclnnNeScalar_CastAiCore_Cast,Cast,dynamic,AI_VECTOR_CORE,1790274065701664.930	,35.522,0.049000,48,0,NO,"""4096,4096""",BOOL,ND,"""4096,4096""",INT64,ND,N/A,0.0,0,0.0,0.0,0.0,0.0,0.0,0.0,0.0,0.0,0.0,0.0,0.0,31.53,2724175,15.479,0.491,4.189,0.133,16.645,0.528,29.909,0.949,0.0,0.000
1,0,4294967295,371,46,aclnnNeScalar_NotEqualAiCore_NotEqual,NotEqual,dynamic,AI_VECTOR_CORE,1790274065701700.472	,160.546,0.000000,48,0,NO,"""4096,4096;""",INT64;INT64,ND;ND,"""4096,4096""",BOOL,ND,N/A,0.0,0,0.0,0.0,0.0,0.0,0.0,0.0,0.0,0.0,0.0,0.0,0.0,158.949,13733229,121.28,0.763,44.777,0.282,44.458,0.28,35.656,0.224,0.0,0.000
1,0,4294967295,372,46,aclnnReduceSum_CastAiCore_Cast,Cast,dynamic,AI_VECTOR_CORE,1790274065701861.038	,33.101,0.000000,48,0,NO,"""4096,4096""",BOOL,ND,"""4096,4096""",INT64,ND,N/A,0.0,0,0.0,0.0,0.0,0.0,0.0,0.0,0.0,0.0,0.0,0.0,0.0,30.9,2669737,15.479,0.501,4.232,0.137,16.649,0.539,29.232,0.946,0.0,0.000
1,0,4294967295,373,46,aclnnReduceSum_ReduceSumOpAiCore_ReduceSum,ReduceSum,dynamic,MIX_AIV,1790274065701895.299	,2556.603,1.149000,48,0,NO,"""4096,4096;2""",INT64;INT64,ND;ND,"""""",INT64,ND,0,0.0,0,0.0,0.0,0.0,0.0,0.0,0.0,0.0,0.0,0.0,0.0,0.0,2555.005,220752394,0.054,0.0,2530.025,0.99,22.775,0.009,0.265,0.0,0.0,0.000
1,0,4294967295,75,43,aclnnMuls_MulAiCore_Mul,Mul,dynamic,AI_VECTOR_CORE,1790274065704556.486	,56.662,104.647000,48,0,NO,"""4096,4096;""",FLOAT16;FLOAT16,ND;ND,"""4096,4096""",FLOAT16,ND,N/A,0.0,0,0.0,0.0,0.0,0.0,0.0,0.0,0.0,0.0,0.0,0.0,0.0,53.777,4646293,1.947,0.036,2.728,0.051,49.083,0.913,27.433,0.51,0.022,0.000
1,0,4294967295,374,46,aclnnEqScalar_EqualAiCore_Equal,Equal,dynamic,AI_VECTOR_CORE,1790274065704652.830	,25.261,39.588000,48,0,NO,"""4096,4096;""",FLOAT16;FLOAT16,ND;ND,"""4096,4096""",BOOL,ND,N/A,0.0,0,0.0,0.0,0.0,0.0,0.0,0.0,0.0,0.0,0.0,0.0,0.0,22.75,1965613,7.135,0.314,2.828,0.124,11.908,0.523,11.692,0.514,0.013,0.000
1,0,4294967295,375,46,aclnnAll_ReduceAll_ReduceAll,ReduceAll,dynamic,MIX_AIV,1790274065704679.351	,29.961,1.239000,48,0,NO,"""4096,4096;2""",BOOL;INT64,ND;ND,"""""",BOOL,ND,0,0.0,0,0.0,0.0,0.0,0.0,0.0,0.0,0.0,0.0,0.0,0.0,0.0,27.095,2340971,9.228,0.341,1.861,0.069,7.533,0.278,0.251,0.009,0.039,0.000
