Step Id,Device_id,Model ID,Task ID,Stream ID,Name,Type,OP State,Accelerator Core,Start Time(us),Duration(us),Wait Time(us),Block Num,Mix Block Num,HF32 Eligible,Input Shapes,Input Data Types,Input Formats,Output Shapes,Output Data Types,Output Formats,Context ID
1,0,4294967295,7330,44,aclnnInplaceFillScalar_FillAiCore_Fill,Fill,dynamic,AI_VECTOR_CORE,1790596621049283.360	,5.061,0,47,0,NO,"""4;""",INT64;DT_BF16,ND;ND,"""8,128,2,64""",DT_BF16,ND,N/A
1,0,4294967295,7331,44,aclnnInplaceFillScalar_FillAiCore_Fill,Fill,dynamic,AI_VECTOR_CORE,1790596621049288.441	,5.060,0.189000,47,0,NO,"""4;""",INT64;DT_BF16,ND;ND,"""8,128,2,64""",DT_BF16,ND,N/A
1,0,4294967295,7332,44,ReshapeAndCacheNdKernel,ReshapeAndCacheNdKernel,dynamic,AI_VECTOR_CORE,1790596621049525.470	,1.420,231.940000,1,0,NO,"""1,2,64;1,2,64;8,128,2,64;8,128,2,64;1""",DT_BF16;DT_BF16;DT_BF16;DT_BF16;INT32,ND;ND;ND;ND;ND,"""8,128,2,64;8,128,2,64""",DT_BF16;DT_BF16,ND;ND,N/A
1,0,4294967295,7333,44,ReshapeAndCacheNdKernel,ReshapeAndCacheNdKernel,dynamic,AI_VECTOR_CORE,1790596621049597.133	,1.400,70.330000,1,0,NO,"""1,2,64;1,2,64;8,128,2,64;8,128,2,64;1""",DT_BF16;DT_BF16;DT_BF16;DT_BF16;INT32,ND;ND;ND;ND;ND,"""8,128,2,64;8,128,2,64""",DT_BF16;DT_BF16,ND;ND,N/A
1,0,4294967295,7334,44,ReshapeAndCacheNdKernel,ReshapeAndCacheNdKernel,dynamic,AI_VECTOR_CORE,1790596621049635.395	,1.440,36.850000,1,0,NO,"""1,2,64;1,2,64;8,128,2,64;8,128,2,64;1""",DT_BF16;DT_BF16;DT_BF16;DT_BF16;INT32,ND;ND;ND;ND;ND,"""8,128,2,64;8,128,2,64""",DT_BF16;DT_BF16,ND;ND,N/A
1,0,4294967295,7335,44,aclnnInplaceFillScalar_FillAiCore_Fill,Fill,dynamic,AI_VECTOR_CORE,1790596621050377.424	,5.220,740.560000,47,0,NO,"""4;""",INT64;DT_BF16,ND;ND,"""8,128,2,64""",DT_BF16,ND,N/A
1,0,4294967295,7336,44,aclnnInplaceFillScalar_FillAiCore_Fill,Fill,dynamic,AI_VECTOR_CORE,1790596621050382.664	,5.981,0.030000,47,0,NO,"""4;""",INT64;DT_BF16,ND;ND,"""8,128,2,64""",DT_BF16,ND,N/A
1,0,4294967295,7337,44,ReshapeAndCacheNdKernel,ReshapeAndCacheNdKernel,dynamic,AI_VECTOR_CORE,1790596621050469.008	,1.720,80.269000,4,0,NO,"""4,2,64;4,2,64;8,128,2,64;8,128,2,64;4""",DT_BF16;DT_BF16;DT_BF16;DT_BF16;INT32,ND;ND;ND;ND;ND,"""8,128,2,64;8,128,2,64""",DT_BF16;DT_BF16,ND;ND,N/A
1,0,4294967295,7338,44,ReshapeAndCacheNdKernel,ReshapeAndCacheNdKernel,dynamic,AI_VECTOR_CORE,1790596621050518.330	,1.660,47.530000,4,0,NO,"""4,2,64;4,2,64;8,128,2,64;8,128,2,64;4""",DT_BF16;DT_BF16;DT_BF16;DT_BF16;INT32,ND;ND;ND;ND;ND,"""8,128,2,64;8,128,2,64""",DT_BF16;DT_BF16,ND;ND,N/A
1,0,4294967295,7339,44,ReshapeAndCacheNdKernel,ReshapeAndCacheNdKernel,dynamic,AI_VECTOR_CORE,1790596621050577.072	,1.640,57.090000,4,0,NO,"""4,2,64;4,2,64;8,128,2,64;8,128,2,64;4""",DT_BF16;DT_BF16;DT_BF16;DT_BF16;INT32,ND;ND;ND;ND;ND,"""8,128,2,64;8,128,2,64""",DT_BF16;DT_BF16,ND;ND,N/A
1,0,4294967295,7340,44,aclnnInplaceFillScalar_FillAiCore_Fill,Fill,dynamic,AI_VECTOR_CORE,1790596621050907.325	,6.241,328.610000,47,0,NO,"""4;""",INT64;DT_BF16,ND;ND,"""8,128,2,64""",DT_BF16,ND,N/A
1,0,4294967295,7341,44,aclnnInplaceFillScalar_FillAiCore_Fill,Fill,dynamic,AI_VECTOR_CORE,1790596621050913.586	,6.020,0.009000,47,0,NO,"""4;""",INT64;DT_BF16,ND;ND,"""8,128,2,64""",DT_BF16,ND,N/A
1,0,4294967295,7342,44,ReshapeAndCacheNdKernel,ReshapeAndCacheNdKernel,dynamic,AI_VECTOR_CORE,1790596621051003.789	,2.400,84.230000,10,0,NO,"""10,2,64;10,2,64;8,128,2,64;8,128,2,64;10""",DT_BF16;DT_BF16;DT_BF16;DT_BF16;INT32,ND;ND;ND;ND;ND,"""8,128,2,64;8,128,2,64""",DT_BF16;DT_BF16,ND;ND,N/A
1,0,4294967295,7343,44,ReshapeAndCacheNdKernel,ReshapeAndCacheNdKernel,dynamic,AI_VECTOR_CORE,1790596621051044.971	,2.320,38.850000,10,0,NO,"""10,2,64;10,2,64;8,128,2,64;8,128,2,64;10""",DT_BF16;DT_BF16;DT_BF16;DT_BF16;INT32,ND;ND;ND;ND;ND,"""8,128,2,64;8,128,2,64""",DT_BF16;DT_BF16,ND;ND,N/A
1,0,4294967295,7344,44,ReshapeAndCacheNdKernel,ReshapeAndCacheNdKernel,dynamic,AI_VECTOR_CORE,1790596621051089.093	,2.300,41.680000,10,0,NO,"""10,2,64;10,2,64;8,128,2,64;8,128,2,64;10""",DT_BF16;DT_BF16;DT_BF16;DT_BF16;INT32,ND;ND;ND;ND;ND,"""8,128,2,64;8,128,2,64""",DT_BF16;DT_BF16,ND;ND,N/A
1,0,4294967295,7345,44,aclnnInplaceFillScalar_FillAiCore_Fill,Fill,dynamic,AI_VECTOR_CORE,1790596621051409.546	,6.300,318.200000,47,0,NO,"""4;""",INT64;DT_BF16,ND;ND,"""8,128,2,64""",DT_BF16,ND,N/A
1,0,4294967295,7346,44,aclnnInplaceFillScalar_FillAiCore_Fill,Fill,dynamic,AI_VECTOR_CORE,1790596621051415.866	,5.660,0.000000,47,0,NO,"""4;""",INT64;DT_BF16,ND;ND,"""8,128,2,64""",DT_BF16,ND,N/A
1,0,4294967295,7347,44,ReshapeAndCacheNdKernel,ReshapeAndCacheNdKernel,dynamic,AI_VECTOR_CORE,1790596621051492.129	,2.960,70.840000,16,0,NO,"""16,2,64;16,2,64;8,128,2,64;8,128,2,64;16""",DT_BF16;DT_BF16;DT_BF16;DT_BF16;INT32,ND;ND;ND;ND;ND,"""8,128,2,64;8,128,2,64""",DT_BF16;DT_BF16,ND;ND,N/A
1,0,4294967295,7348,44,ReshapeAndCacheNdKernel,ReshapeAndCacheNdKernel,dynamic,AI_VECTOR_CORE,1790596621051536.911	,3.100,41.790000,16,0,NO,"""16,2,64;16,2,64;8,128,2,64;8,128,2,64;16""",DT_BF16;DT_BF16;DT_BF16;DT_BF16;INT32,ND;ND;ND;ND;ND,"""8,128,2,64;8,128,2,64""",DT_BF16;DT_BF16,ND;ND,N/A
1,0,4294967295,7349,44,ReshapeAndCacheNdKernel,ReshapeAndCacheNdKernel,dynamic,AI_VECTOR_CORE,1790596621051577.572	,2.920,37.400000,16,0,NO,"""16,2,64;16,2,64;8,128,2,64;8,128,2,64;16""",DT_BF16;DT_BF16;DT_BF16;DT_BF16;INT32,ND;ND;ND;ND;ND,"""8,128,2,64;8,128,2,64""",DT_BF16;DT_BF16,ND;ND,N/A
1,0,4294967295,7350,44,aclnnInplaceFillScalar_FillAiCore_Fill,Fill,dynamic,AI_VECTOR_CORE,1790596621052247.679	,5.640,667.330000,47,0,NO,"""4;""",INT64;DT_BF16,ND;ND,"""8,128,2,64""",DT_BF16,ND,N/A
1,0,4294967295,7351,44,aclnnInplaceFillScalar_FillAiCore_Fill,Fill,dynamic,AI_VECTOR_CORE,1790596621052253.339	,5.641,0.000000,47,0,NO,"""4;""",INT64;DT_BF16,ND;ND,"""8,128,2,64""",DT_BF16,ND,N/A
1,0,4294967295,7352,44,ReshapeAndCacheNdKernel,ReshapeAndCacheNdKernel,dynamic,AI_VECTOR_CORE,1790596621052349.263	,3.920,90.359000,24,0,NO,"""24,2,64;24,2,64;8,128,2,64;8,128,2,64;24""",DT_BF16;DT_BF16;DT_BF16;DT_BF16;INT32,ND;ND;ND;ND;ND,"""8,128,2,64;8,128,2,64""",DT_BF16;DT_BF16,ND;ND,N/A
1,0,4294967295,7353,44,ReshapeAndCacheNdKernel,ReshapeAndCacheNdKernel,dynamic,AI_VECTOR_CORE,1790596621052388.125	,3.940,34.830000,24,0,NO,"""24,2,64;24,2,64;8,128,2,64;8,128,2,64;24""",DT_BF16;DT_BF16;DT_BF16;DT_BF16;INT32,ND;ND;ND;ND;ND,"""8,128,2,64;8,128,2,64""",DT_BF16;DT_BF16,ND;ND,N/A
1,0,4294967295,7354,44,ReshapeAndCacheNdKernel,ReshapeAndCacheNdKernel,dynamic,AI_VECTOR_CORE,1790596621052426.066	,3.720,34.060000,24,0,NO,"""24,2,64;24,2,64;8,128,2,64;8,128,2,64;24""",DT_BF16;DT_BF16;DT_BF16;DT_BF16;INT32,ND;ND;ND;ND;ND,"""8,128,2,64;8,128,2,64""",DT_BF16;DT_BF16,ND;ND,N/A
1,0,4294967295,7355,44,aclnnInplaceFillScalar_FillAiCore_Fill,Fill,dynamic,AI_VECTOR_CORE,1790596621052747.319	,5.920,317.530000,47,0,NO,"""4;""",INT64;DT_BF16,ND;ND,"""8,128,2,64""",DT_BF16,ND,N/A
1,0,4294967295,7356,44,aclnnInplaceFillScalar_FillAiCore_Fill,Fill,dynamic,AI_VECTOR_CORE,1790596621052753.279	,6.661,0.080000,47,0,NO,"""4;""",INT64;DT_BF16,ND;ND,"""8,128,2,64""",DT_BF16,ND,N/A
1,0,4294967295,7357,44,ReshapeAndCacheNdKernel,ReshapeAndCacheNdKernel,dynamic,AI_VECTOR_CORE,1790596621052840.223	,5.100,80.339000,32,0,NO,"""32,2,64;32,2,64;8,128,2,64;8,128,2,64;32""",DT_BF16;DT_BF16;DT_BF16;DT_BF16;INT32,ND;ND;ND;ND;ND,"""8,128,2,64;8,128,2,64""",DT_BF16;DT_BF16,ND;ND,N/A
1,0,4294967295,7358,44,ReshapeAndCacheNdKernel,ReshapeAndCacheNdKernel,dynamic,AI_VECTOR_CORE,1790596621052882.444	,4.901,37.150000,32,0,NO,"""32,2,64;32,2,64;8,128,2,64;8,128,2,64;32""",DT_BF16;DT_BF16;DT_BF16;DT_BF16;INT32,ND;ND;ND;ND;ND,"""8,128,2,64;8,128,2,64""",DT_BF16;DT_BF16,ND;ND,N/A
1,0,4294967295,7359,44,ReshapeAndCacheNdKernel,ReshapeAndCacheNdKernel,dynamic,AI_VECTOR_CORE,1790596621052920.066	,4.980,32.599000,32,0,NO,"""32,2,64;32,2,64;8,128,2,64;8,128,2,64;32""",DT_BF16;DT_BF16;DT_BF16;DT_BF16;INT32,ND;ND;ND;ND;ND,"""8,128,2,64;8,128,2,64""",DT_BF16;DT_BF16,ND;ND,N/A
1,0,4294967295,7360,44,aclnnInplaceFillScalar_FillAiCore_Fill,Fill,dynamic,AI_VECTOR_CORE,1790596621053280.840	,6.000,355.770000,47,0,NO,"""4;""",INT64;DT_BF16,ND;ND,"""8,128,2,64""",DT_BF16,ND,N/A
1,0,4294967295,7361,44,aclnnInplaceFillScalar_FillAiCore_Fill,Fill,dynamic,AI_VECTOR_CORE,1790596621053286.860	,6.001,0.000000,47,0,NO,"""4;""",INT64;DT_BF16,ND;ND,"""8,128,2,64""",DT_BF16,ND,N/A
1,0,4294967295,7362,44,ReshapeAndCacheNdKernel,ReshapeAndCacheNdKernel,dynamic,AI_VECTOR_CORE,1790596621053366.204	,6.480,73.499000,48,0,NO,"""48,2,64;48,2,64;8,128,2,64;8,128,2,64;48""",DT_BF16;DT_BF16;DT_BF16;DT_BF16;INT32,ND;ND;ND;ND;ND,"""8,128,2,64;8,128,2,64""",DT_BF16;DT_BF16,ND;ND,N/A
1,0,4294967295,7363,44,ReshapeAndCacheNdKernel,ReshapeAndCacheNdKernel,dynamic,AI_VECTOR_CORE,1790596621053407.765	,6.501,35.020000,48,0,NO,"""48,2,64;48,2,64;8,128,2,64;8,128,2,64;48""",DT_BF16;DT_BF16;DT_BF16;DT_BF16;INT32,ND;ND;ND;ND;ND,"""8,128,2,64;8,128,2,64""",DT_BF16;DT_BF16,ND;ND,N/A
1,0,4294967295,7364,44,ReshapeAndCacheNdKernel,ReshapeAndCacheNdKernel,dynamic,AI_VECTOR_CORE,1790596621053455.147	,8.001,40.999000,48,0,NO,"""48,2,64;48,2,64;8,128,2,64;8,128,2,64;48""",DT_BF16;DT_BF16;DT_BF16;DT_BF16;INT32,ND;ND;ND;ND;ND,"""8,128,2,64;8,128,2,64""",DT_BF16;DT_BF16,ND;ND,N/A
1,0,4294967295,7365,44,aclnnInplaceFillScalar_FillAiCore_Fill,Fill,dynamic,AI_VECTOR_CORE,1790596621053895.445	,6.000,432.249000,47,0,NO,"""4;""",INT64;DT_BF16,ND;ND,"""8,128,2,64""",DT_BF16,ND,N/A
1,0,4294967295,7366,44,aclnnInplaceFillScalar_FillAiCore_Fill,Fill,dynamic,AI_VECTOR_CORE,1790596621053901.465	,5.180,0.000000,47,0,NO,"""4;""",INT64;DT_BF16,ND;ND,"""8,128,2,64""",DT_BF16,ND,N/A
1,0,4294967295,7367,44,ReshapeAndCacheNdKernel,ReshapeAndCacheNdKernel,dynamic,AI_VECTOR_CORE,1790596621053984.868	,6.681,78.070000,48,0,NO,"""64,2,64;64,2,64;8,128,2,64;8,128,2,64;64""",DT_BF16;DT_BF16;DT_BF16;DT_BF16;INT32,ND;ND;ND;ND;ND,"""8,128,2,64;8,128,2,64""",DT_BF16;DT_BF16,ND;ND,N/A
1,0,4294967295,7368,44,ReshapeAndCacheNdKernel,ReshapeAndCacheNdKernel,dynamic,AI_VECTOR_CORE,1790596621054023.830	,7.060,32.319000,48,0,NO,"""64,2,64;64,2,64;8,128,2,64;8,128,2,64;64""",DT_BF16;DT_BF16;DT_BF16;DT_BF16;INT32,ND;ND;ND;ND;ND,"""8,128,2,64;8,128,2,64""",DT_BF16;DT_BF16,ND;ND,N/A
1,0,4294967295,7369,44,ReshapeAndCacheNdKernel,ReshapeAndCacheNdKernel,dynamic,AI_VECTOR_CORE,1790596621054056.451	,7.161,25.690000,48,0,NO,"""64,2,64;64,2,64;8,128,2,64;8,128,2,64;64""",DT_BF16;DT_BF16;DT_BF16;DT_BF16;INT32,ND;ND;ND;ND;ND,"""8,128,2,64;8,128,2,64""",DT_BF16;DT_BF16,ND;ND,N/A
1,0,4294967295,7370,44,aclnnInplaceFillScalar_FillAiCore_Fill,Fill,dynamic,AI_VECTOR_CORE,1790596621054409.666	,5.060,346.089000,47,0,NO,"""4;""",INT64;DT_BF16,ND;ND,"""8,128,2,64""",DT_BF16,ND,N/A
1,0,4294967295,7371,44,aclnnInplaceFillScalar_FillAiCore_Fill,Fill,dynamic,AI_VECTOR_CORE,1790596621054414.766	,5.060,0.000000,47,0,NO,"""4;""",INT64;DT_BF16,ND;ND,"""8,128,2,64""",DT_BF16,ND,N/A
1,0,4294967295,7372,44,ReshapeAndCacheNdKernel,ReshapeAndCacheNdKernel,dynamic,AI_VECTOR_CORE,1790596621054494.069	,7.940,74.190000,48,0,NO,"""128,2,64;128,2,64;8,128,2,64;8,128,2,64;128""",DT_BF16;DT_BF16;DT_BF16;DT_BF16;INT32,ND;ND;ND;ND;ND,"""8,128,2,64;8,128,2,64""",DT_BF16;DT_BF16,ND;ND,N/A
1,0,4294967295,7373,44,ReshapeAndCacheNdKernel,ReshapeAndCacheNdKernel,dynamic,AI_VECTOR_CORE,1790596621054532.930	,7.961,31.060000,48,0,NO,"""128,2,64;128,2,64;8,128,2,64;8,128,2,64;128""",DT_BF16;DT_BF16;DT_BF16;DT_BF16;INT32,ND;ND;ND;ND;ND,"""8,128,2,64;8,128,2,64""",DT_BF16;DT_BF16,ND;ND,N/A
1,0,4294967295,7374,44,ReshapeAndCacheNdKernel,ReshapeAndCacheNdKernel,dynamic,AI_VECTOR_CORE,1790596621054570.592	,7.380,29.539000,48,0,NO,"""128,2,64;128,2,64;8,128,2,64;8,128,2,64;128""",DT_BF16;DT_BF16;DT_BF16;DT_BF16;INT32,ND;ND;ND;ND;ND,"""8,128,2,64;8,128,2,64""",DT_BF16;DT_BF16,ND;ND,N/A
1,0,4294967295,7375,44,aclnnInplaceFillScalar_FillAiCore_Fill,Fill,dynamic,AI_VECTOR_CORE,1790596621054935.706	,5.061,357.870000,47,0,NO,"""4;""",INT64;DT_BF16,ND;ND,"""8,128,2,64""",DT_BF16,ND,N/A
1,0,4294967295,7376,44,aclnnInplaceFillScalar_FillAiCore_Fill,Fill,dynamic,AI_VECTOR_CORE,1790596621054940.787	,6.700,0.000000,47,0,NO,"""4;""",INT64;DT_BF16,ND;ND,"""8,128,2,64""",DT_BF16,ND,N/A
1,0,4294967295,7377,44,ReshapeAndCacheNdKernel,ReshapeAndCacheNdKernel,dynamic,AI_VECTOR_CORE,1790596621055012.250	,9.200,64.800000,48,0,NO,"""256,2,64;256,2,64;8,128,2,64;8,128,2,64;256""",DT_BF16;DT_BF16;DT_BF16;DT_BF16;INT32,ND;ND;ND;ND;ND,"""8,128,2,64;8,128,2,64""",DT_BF16;DT_BF16,ND;ND,N/A
1,0,4294967295,7378,44,ReshapeAndCacheNdKernel,ReshapeAndCacheNdKernel,dynamic,AI_VECTOR_CORE,1790596621055052.631	,8.821,31.300000,48,0,NO,"""256,2,64;256,2,64;8,128,2,64;8,128,2,64;256""",DT_BF16;DT_BF16;DT_BF16;DT_BF16;INT32,ND;ND;ND;ND;ND,"""8,128,2,64;8,128,2,64""",DT_BF16;DT_BF16,ND;ND,N/A
1,0,4294967295,7379,44,ReshapeAndCacheNdKernel,ReshapeAndCacheNdKernel,dynamic,AI_VECTOR_CORE,1790596621055090.753	,9.060,29.179000,48,0,NO,"""256,2,64;256,2,64;8,128,2,64;8,128,2,64;256""",DT_BF16;DT_BF16;DT_BF16;DT_BF16;INT32,ND;ND;ND;ND;ND,"""8,128,2,64;8,128,2,64""",DT_BF16;DT_BF16,ND;ND,N/A
